Date,Open,High,Low,Close,Adj Close,Volume
2012-12-31,27.579999923706055,27.8700008392334,27.3700008392334,27.81999969482422,17.983230590820312,6013300
2013-01-02,28.5,29.149999618530273,28.360000610351562,29.149999618530273,18.84296226501465,6595000
2013-01-03,29.1200008392334,29.3799991607666,28.989999771118164,29.149999618530273,18.84296226501465,3967200
2013-01-04,29.25,29.56999969482422,29.170000076293945,29.389999389648438,18.99809455871582,3639400
2013-01-07,29.299999237060547,29.579999923706055,29.219999313354492,29.479999542236328,19.0562744140625,2460400
2013-01-08,29.389999389648438,29.68000030517578,28.799999237060547,29.68000030517578,19.185558319091797,5202600
2013-01-09,29.729999542236328,30.459999084472656,29.6200008392334,30.360000610351562,19.62511444091797,6459600
2013-01-10,30.450000762939453,30.59000015258789,30.309999465942383,30.540000915527344,19.741470336914062,4510600
2013-01-11,30.520000457763672,30.84000015258789,30.420000076293945,30.799999237060547,19.9095401763916,3224500
2013-01-14,30.799999237060547,30.860000610351562,30.440000534057617,30.799999237060547,19.9095401763916,2478700
2013-01-15,30.540000915527344,30.760000228881836,30.209999084472656,30.579999923706055,19.76732635498047,5130700
2013-01-16,30.489999771118164,30.600000381469727,30.34000015258789,30.43000030517578,19.670368194580078,3237600
2013-01-17,30.520000457763672,31.0,30.479999542236328,30.790000915527344,19.903074264526367,4021000
2013-01-18,30.81999969482422,30.84000015258789,30.350000381469727,30.6299991607666,19.799650192260742,3826300
2013-01-22,30.75,31.1200008392334,30.75,31.1200008392334,20.116397857666016,5088100
2013-01-23,31.040000915527344,31.350000381469727,30.979999542236328,31.31999969482422,20.245676040649414,3885400
2013-01-24,31.329999923706055,31.739999771118164,31.219999313354492,31.5,20.362031936645508,4320900
2013-01-25,31.0,31.149999618530273,29.950000762939453,30.950000762939453,20.006505966186523,9762800
2013-01-28,30.889999389648438,31.200000762939453,29.969999313354492,30.059999465942383,19.431198120117188,8334400
2013-01-29,30.09000015258789,30.600000381469727,30.09000015258789,30.579999923706055,19.76732635498047,4443100
2013-01-30,30.489999771118164,30.56999969482422,29.68000030517578,29.889999389648438,19.321304321289062,5750300
2013-01-31,29.899999618530273,30.260000228881836,29.729999542236328,30.1200008392334,19.46998405456543,4040300
2013-02-01,30.389999389648438,30.489999771118164,30.049999237060547,30.389999389648438,19.64451789855957,6274100
2013-02-04,30.0,30.639999389648438,30.0,30.469999313354492,19.69622802734375,4662000
2013-02-05,30.649999618530273,31.110000610351562,30.610000610351562,30.969999313354492,20.01943588256836,5578100
2013-02-06,30.920000076293945,31.079999923706055,30.670000076293945,30.969999313354492,20.01943588256836,3595900
2013-02-07,30.899999618530273,30.950000762939453,29.979999542236328,30.079999923706055,19.444122314453125,6393400
2013-02-08,30.190000534057617,30.399999618530273,29.889999389648438,30.209999084472656,19.528156280517578,5647200
2013-02-11,30.200000762939453,30.219999313354492,29.959999084472656,30.139999389648438,19.482908248901367,3833800
2013-02-12,30.170000076293945,30.450000762939453,30.030000686645508,30.309999465942383,19.59279441833496,5386100
2013-02-13,30.579999923706055,30.670000076293945,30.40999984741211,30.479999542236328,19.702686309814453,3285800
2013-02-14,30.43000030517578,30.479999542236328,30.149999618530273,30.440000534057617,19.676830291748047,3147900
2013-02-15,30.489999771118164,30.65999984741211,30.399999618530273,30.649999618530273,19.812580108642578,3745500
2013-02-19,30.90999984741211,30.90999984741211,30.489999771118164,30.829999923706055,19.928932189941406,5543200
2013-02-20,30.829999923706055,30.8799991607666,29.760000228881836,29.780000686645508,19.250202178955078,6671000
2013-02-21,29.790000915527344,29.799999237060547,28.940000534057617,29.110000610351562,18.817100524902344,7941300
2013-02-22,29.31999969482422,29.729999542236328,29.280000686645508,29.719999313354492,19.211414337158203,2847000
2013-02-25,29.829999923706055,30.049999237060547,28.780000686645508,28.780000686645508,18.603784561157227,5381300
2013-02-26,29.06999969482422,29.40999984741211,28.829999923706055,29.350000381469727,18.972244262695312,5537900
2013-02-27,29.200000762939453,29.799999237060547,29.059999465942383,29.610000610351562,19.251821517944336,3997000
2013-02-28,29.610000610351562,29.770000457763672,29.40999984741211,29.40999984741211,19.121780395507812,3509600
2013-03-01,29.299999237060547,29.649999618530273,28.899999618530273,29.56999969482422,19.22580909729004,4018600
2013-03-04,29.56999969482422,30.030000686645508,29.520000457763672,29.950000762939453,19.472877502441406,2915000
2013-03-05,30.049999237060547,30.549999237060547,29.959999084472656,30.3799991607666,19.752458572387695,3573200
2013-03-06,30.540000915527344,30.670000076293945,30.219999313354492,30.260000228881836,19.674436569213867,3360700
2013-03-07,30.260000228881836,30.329999923706055,30.0,30.18000030517578,19.622419357299805,2992400
2013-03-08,30.280000686645508,30.450000762939453,29.889999389648438,30.239999771118164,19.661428451538086,3458800
2013-03-11,30.209999084472656,30.520000457763672,30.1200008392334,30.510000228881836,19.836978912353516,3019800
2013-03-12,30.40999984741211,30.5,30.18000030517578,30.200000762939453,19.635427474975586,2741600
2013-03-13,30.200000762939453,30.389999389648438,29.969999313354492,30.34000015258789,19.72644805908203,2402100
2013-03-14,30.3700008392334,30.81999969482422,30.34000015258789,30.81999969482422,20.038537979125977,4023900
2013-03-15,30.700000762939453,30.799999237060547,30.389999389648438,30.549999237060547,19.862987518310547,5384600
2013-03-18,30.219999313354492,30.389999389648438,30.010000228881836,30.200000762939453,19.635427474975586,3971000
2013-03-19,30.610000610351562,30.8700008392334,30.479999542236328,30.719999313354492,19.9735164642334,4696900
2013-03-20,30.889999389648438,31.440000534057617,30.790000915527344,31.399999618530273,20.41564178466797,5046600
2013-03-21,31.149999618530273,31.25,30.739999771118164,30.75,19.993013381958008,3251700
2013-03-22,30.860000610351562,31.079999923706055,30.600000381469727,31.010000228881836,20.16206932067871,2384500
2013-03-25,31.200000762939453,31.399999618530273,30.68000030517578,30.850000381469727,20.05804443359375,2969800
2013-03-26,31.059999465942383,31.25,30.940000534057617,30.989999771118164,20.149066925048828,2141200
2013-03-27,30.850000381469727,31.040000915527344,30.6200008392334,31.010000228881836,20.16206932067871,1823300
2013-03-28,31.040000915527344,31.420000076293945,30.90999984741211,31.3799991607666,20.402633666992188,3860600
2013-04-01,31.360000610351562,31.510000228881836,30.950000762939453,31.329999923706055,20.370126724243164,3136300
2013-04-02,31.40999984741211,31.709999084472656,31.360000610351562,31.600000381469727,20.545673370361328,3635500
2013-04-03,31.670000076293945,31.670000076293945,30.09000015258789,30.31999969482422,19.71344757080078,7263100
2013-04-04,30.420000076293945,31.239999771118164,30.399999618530273,31.219999313354492,20.298608779907227,3703500
2013-04-05,30.610000610351562,31.200000762939453,30.31999969482422,31.15999984741211,20.25959587097168,3691600
2013-04-08,31.139999389648438,31.479999542236328,30.84000015258789,31.479999542236328,20.467653274536133,2559400
2013-04-09,31.5,31.540000915527344,31.1200008392334,31.270000457763672,20.331113815307617,2641500
2013-04-10,31.290000915527344,31.65999984741211,31.170000076293945,31.6299991607666,20.565176010131836,2913400
2013-04-11,31.6200008392334,31.860000610351562,31.5,31.709999084472656,20.6171932220459,3250800
2013-04-12,31.639999389648438,31.969999313354492,31.6200008392334,31.780000686645508,20.662708282470703,3238600
2013-04-15,31.600000381469727,31.75,30.420000076293945,30.420000076293945,19.778461456298828,5789900
2013-04-16,30.81999969482422,31.149999618530273,30.459999084472656,30.600000381469727,19.895496368408203,5917500
2013-04-17,30.40999984741211,30.459999084472656,29.239999771118164,29.739999771118164,19.336339950561523,8315500
2013-04-18,29.860000610351562,29.8799991607666,28.90999984741211,29.290000915527344,19.043760299682617,6632600
2013-04-19,29.479999542236328,30.190000534057617,29.459999084472656,29.84000015258789,19.401357650756836,5549900
2013-04-22,30.0,30.239999771118164,29.3700008392334,30.049999237060547,19.53789520263672,4350700
2013-04-23,30.219999313354492,30.979999542236328,30.18000030517578,30.75,19.993013381958008,4329800
2013-04-24,30.81999969482422,31.5,30.81999969482422,31.40999984741211,20.422136306762695,5158400
2013-04-25,31.469999313354492,31.510000228881836,31.030000686645508,31.3799991607666,20.402633666992188,5645000
2013-04-26,31.850000381469727,32.0,30.479999542236328,30.530000686645508,19.84998893737793,6373500
2013-04-29,30.700000762939453,30.790000915527344,30.219999313354492,30.43000030517578,19.784963607788086,3557400
2013-04-30,30.329999923706055,30.540000915527344,30.1200008392334,30.510000228881836,19.836978912353516,4011600
2013-05-01,30.360000610351562,30.639999389648438,30.059999465942383,30.139999389648438,19.59640884399414,4239500
2013-05-02,30.219999313354492,30.469999313354492,30.06999969482422,30.25,19.667936325073242,3223900
2013-05-03,30.540000915527344,30.920000076293945,30.399999618530273,30.649999618530273,19.928009033203125,3280300
2013-05-06,30.649999618530273,31.09000015258789,30.520000457763672,31.040000915527344,20.181575775146484,2583600
2013-05-07,31.190000534057617,31.5,30.969999313354492,31.3799991607666,20.402633666992188,2655400
2013-05-08,30.959999084472656,31.399999618530273,30.81999969482422,31.329999923706055,20.50078582763672,3056000
2013-05-09,31.489999771118164,32.33000183105469,31.399999618530273,31.809999465942383,20.814876556396484,6350400
2013-05-10,31.790000915527344,31.81999969482422,31.260000228881836,31.389999389648438,20.540042877197266,3169800
2013-05-13,31.260000228881836,31.399999618530273,30.799999237060547,30.899999618530273,20.21941566467285,3468800
2013-05-14,31.5,32.27000045776367,31.3799991607666,32.2599983215332,21.109331130981445,7027800
2013-05-15,32.2400016784668,32.36000061035156,31.920000076293945,32.349998474121094,21.168224334716797,4002900
2013-05-16,32.16999816894531,32.400001525878906,31.780000686645508,31.969999313354492,20.91956901550293,4376000
2013-05-17,32.150001525878906,32.5,32.119998931884766,32.47999954223633,21.253293991088867,4308900
2013-05-20,32.5,32.66999816894531,32.290000915527344,32.369998931884766,21.181316375732422,2989000
2013-05-21,32.36000061035156,32.63999938964844,32.13999938964844,32.599998474121094,21.33181381225586,3565000
2013-05-22,32.52000045776367,33.2400016784668,32.11000061035156,32.33000183105469,21.15513801574707,8284300
2013-05-23,31.8700008392334,32.279998779296875,31.649999618530273,32.04999923706055,20.971912384033203,4595000
2013-05-24,31.940000534057617,32.0099983215332,31.6299991607666,31.739999771118164,20.769075393676758,3629100
2013-05-28,32.220001220703125,32.54999923706055,31.719999313354492,31.799999237060547,20.808334350585938,5319300
2013-05-29,31.540000915527344,31.6299991607666,30.309999465942383,30.530000686645508,19.97731590270996,7242300
2013-05-30,30.6299991607666,30.719999313354492,29.649999618530273,29.65999984741211,19.40802574157715,8963000
2013-05-31,29.809999465942383,30.329999923706055,29.540000915527344,29.81999969482422,19.51272201538086,8577600
2013-06-03,29.989999771118164,30.469999313354492,29.729999542236328,30.059999465942383,19.669761657714844,6592400
2013-06-04,30.0,30.15999984741211,29.200000762939453,29.229999542236328,19.126649856567383,5660600
2013-06-05,29.18000030517578,29.200000762939453,28.170000076293945,28.31999969482422,18.53119468688965,9124000
2013-06-06,28.299999237060547,29.020000457763672,28.18000030517578,29.020000457763672,18.98924446105957,5245800
2013-06-07,29.15999984741211,29.260000228881836,28.670000076293945,29.030000686645508,18.99578094482422,4136400
2013-06-10,29.5,29.520000457763672,28.780000686645508,29.100000381469727,19.041587829589844,5194900
2013-06-11,28.6299991607666,28.979999542236328,28.280000686645508,28.690000534057617,18.77330207824707,4695700
2013-06-12,28.90999984741211,28.959999084472656,27.729999542236328,27.790000915527344,18.184389114379883,5804200
2013-06-13,27.729999542236328,28.700000762939453,27.610000610351562,28.610000610351562,18.72096061706543,6409600
2013-06-14,28.579999923706055,28.920000076293945,28.229999542236328,28.290000915527344,18.511568069458008,3645700
2013-06-17,29.0,29.360000610351562,28.649999618530273,28.65999984741211,18.75366973876953,10177800
2013-06-18,28.5,28.770000457763672,28.030000686645508,28.239999771118164,18.478839874267578,14434500
2013-06-19,28.149999618530273,28.25,27.260000228881836,27.309999465942383,17.870304107666016,38634400
2013-06-20,27.260000228881836,27.520000457763672,26.850000381469727,27.030000686645508,17.68708038330078,16053300
2013-06-21,27.299999237060547,27.579999923706055,26.90999984741211,27.420000076293945,17.942277908325195,12985300
2013-06-24,27.0,27.639999389648438,26.3799991607666,27.010000228881836,17.674001693725586,9510800
2013-06-25,27.3799991607666,27.690000534057617,27.049999237060547,27.520000457763672,18.00771141052246,8218600
2013-06-26,27.739999771118164,27.950000762939453,27.600000381469727,27.729999542236328,18.145124435424805,5574600
2013-06-27,27.850000381469727,28.540000915527344,27.709999084472656,28.200000762939453,18.45267677307129,9039000
2013-06-28,28.1299991607666,28.690000534057617,27.790000915527344,28.489999771118164,18.64243507385254,13485200
2013-07-01,28.520000457763672,28.799999237060547,28.049999237060547,28.100000381469727,18.387243270874023,4608800
2013-07-02,28.059999465942383,28.729999542236328,28.010000228881836,28.540000915527344,18.67514991760254,5017800
2013-07-03,28.31999969482422,28.579999923706055,28.190000534057617,28.459999084472656,18.622804641723633,2094100
2013-07-05,28.579999923706055,28.6200008392334,28.020000457763672,28.309999465942383,18.524654388427734,3523800
2013-07-08,28.559999465942383,28.75,28.309999465942383,28.3799991607666,18.570449829101562,3745600
2013-07-09,28.5,28.989999771118164,28.43000030517578,28.729999542236328,18.799474716186523,4153300
2013-07-10,28.65999984741211,28.850000381469727,28.469999313354492,28.739999771118164,18.806020736694336,3304300
2013-07-11,29.06999969482422,29.3799991607666,29.0,29.350000381469727,19.20517349243164,5066600
2013-07-12,29.360000610351562,29.559999465942383,29.209999084472656,29.549999237060547,19.33604621887207,2802000
2013-07-15,29.399999618530273,29.5,29.170000076293945,29.360000610351562,19.21171760559082,2392500
2013-07-16,29.350000381469727,29.579999923706055,29.200000762939453,29.360000610351562,19.21171760559082,3716000
2013-07-17,29.3799991607666,29.520000457763672,29.209999084472656,29.270000457763672,19.152828216552734,3460800
2013-07-18,29.389999389648438,29.670000076293945,29.290000915527344,29.600000381469727,19.36876106262207,3558300
2013-07-19,29.510000228881836,29.860000610351562,29.299999237060547,29.860000610351562,19.538896560668945,3823400
2013-07-22,29.850000381469727,29.860000610351562,29.43000030517578,29.5,19.303325653076172,3311900
2013-07-23,29.610000610351562,29.639999389648438,29.309999465942383,29.329999923706055,19.192087173461914,3512700
2013-07-24,29.3799991607666,29.420000076293945,28.649999618530273,28.860000610351562,18.88454818725586,4107400
2013-07-25,28.770000457763672,29.149999618530273,28.520000457763672,29.139999389648438,19.06776237487793,5344500
2013-07-26,29.360000610351562,29.559999465942383,28.3799991607666,28.799999237060547,18.84528160095215,5596200
2013-07-29,28.280000686645508,28.389999389648438,27.56999969482422,27.989999771118164,18.31525421142578,7941700
2013-07-30,28.0,28.350000381469727,28.0,28.219999313354492,18.46575355529785,4982600
2013-07-31,28.200000762939453,28.889999389648438,27.889999389648438,28.399999618530273,18.583539962768555,6216700
2013-08-01,28.549999237060547,28.780000686645508,28.25,28.309999465942383,18.524654388427734,4559000
2013-08-02,28.239999771118164,28.31999969482422,27.93000030517578,27.979999542236328,18.3087158203125,4457900
2013-08-05,27.979999542236328,28.309999465942383,27.90999984741211,28.15999984741211,18.426498413085938,3852700
2013-08-06,28.149999618530273,28.43000030517578,28.100000381469727,28.18000030517578,18.43958282470703,3780000
2013-08-07,28.030000686645508,28.09000015258789,27.579999923706055,27.600000381469727,18.060054779052734,3434200
2013-08-08,27.65999984741211,27.719999313354492,27.270000457763672,27.31999969482422,17.87684440612793,5406500
2013-08-09,27.299999237060547,27.84000015258789,27.25,27.809999465942383,18.197473526000977,4598300
2013-08-12,27.68000030517578,27.729999542236328,27.260000228881836,27.31999969482422,17.87684440612793,3569300
2013-08-13,27.40999984741211,27.440000534057617,26.799999237060547,26.989999771118164,17.66090202331543,4520800
2013-08-14,27.469999313354492,28.219999313354492,27.280000686645508,27.790000915527344,18.184389114379883,6994100
2013-08-15,27.209999084472656,27.459999084472656,26.809999465942383,27.170000076293945,17.778690338134766,6707200
2013-08-16,27.09000015258789,27.520000457763672,26.950000762939453,27.059999465942383,17.70671272277832,5440300
2013-08-19,27.0,27.09000015258789,26.639999389648438,26.649999618530273,17.438430786132812,3438800
2013-08-20,26.90999984741211,27.530000686645508,26.8799991607666,27.350000381469727,17.8964786529541,5690800
2013-08-21,27.420000076293945,27.670000076293945,26.989999771118164,27.31999969482422,17.87684440612793,3821000
2013-08-22,27.469999313354492,27.530000686645508,27.209999084472656,27.479999542236328,17.981536865234375,3537300
2013-08-23,27.530000686645508,27.81999969482422,27.31999969482422,27.809999465942383,18.197473526000977,3542100
2013-08-26,27.90999984741211,28.25,27.719999313354492,27.959999084472656,18.29562759399414,3468000
2013-08-27,27.65999984741211,27.809999465942383,27.31999969482422,27.329999923706055,17.883386611938477,4022400
2013-08-28,27.100000381469727,27.899999618530273,26.969999313354492,27.65999984741211,18.246200561523438,4793600
2013-08-29,27.579999923706055,27.979999542236328,27.510000228881836,27.719999313354492,18.285781860351562,3331900
2013-08-30,27.700000762939453,27.709999084472656,27.280000686645508,27.3799991607666,18.06150245666504,4446200
2013-09-03,27.56999969482422,27.600000381469727,26.90999984741211,27.100000381469727,17.87679100036621,4091100
2013-09-04,27.059999465942383,27.31999969482422,26.969999313354492,27.100000381469727,17.87679100036621,4141700
2013-09-05,27.440000534057617,27.8700008392334,27.350000381469727,27.760000228881836,18.312171936035156,5957200
2013-09-06,28.049999237060547,28.739999771118164,27.770000457763672,28.510000228881836,18.806909561157227,8061500
2013-09-09,28.56999969482422,29.100000381469727,28.329999923706055,28.950000762939453,19.0971622467041,6186100
2013-09-10,29.059999465942383,29.09000015258789,28.479999542236328,28.780000686645508,18.985023498535156,4577700
2013-09-11,28.670000076293945,28.729999542236328,28.209999084472656,28.43000030517578,18.75414276123047,4316600
2013-09-12,28.510000228881836,28.6200008392334,28.15999984741211,28.31999969482422,18.681577682495117,3260100
2013-09-13,28.360000610351562,28.520000457763672,28.219999313354492,28.389999389648438,18.727754592895508,2707800
2013-09-16,28.950000762939453,29.170000076293945,28.579999923706055,28.770000457763672,18.978424072265625,3329800
2013-09-17,28.81999969482422,28.940000534057617,28.520000457763672,28.579999923706055,18.853084564208984,2612900
2013-09-18,28.479999542236328,29.290000915527344,28.1299991607666,29.290000915527344,19.32145118713379,6018100
2013-09-19,29.280000686645508,29.639999389648438,29.15999984741211,29.270000457763672,19.30825424194336,5100100
2013-09-20,29.25,29.34000015258789,28.690000534057617,28.809999465942383,19.004810333251953,5027700
2013-09-23,28.670000076293945,28.81999969482422,28.170000076293945,28.260000228881836,18.642000198364258,4364500
2013-09-24,28.34000015258789,28.790000915527344,28.219999313354492,28.350000381469727,18.701366424560547,4756300
2013-09-25,28.440000534057617,28.739999771118164,28.34000015258789,28.530000686645508,18.820100784301758,3709400
2013-09-26,28.6200008392334,28.959999084472656,28.56999969482422,28.81999969482422,19.011409759521484,3174100
2013-09-27,28.65999984741211,28.989999771118164,28.549999237060547,28.93000030517578,19.083969116210938,3005300
2013-09-30,28.65999984741211,28.829999923706055,28.420000076293945,28.6299991607666,18.886070251464844,3782700
2013-10-01,28.719999313354492,29.229999542236328,28.6200008392334,29.1299991607666,19.215898513793945,3334200
2013-10-02,28.950000762939453,29.200000762939453,28.760000228881836,29.06999969482422,19.176321029663086,3023100
2013-10-03,28.93000030517578,29.049999237060547,28.34000015258789,28.770000457763672,18.978424072265625,3736300
2013-10-04,28.690000534057617,28.8799991607666,28.440000534057617,28.59000015258789,18.859682083129883,3169600
2013-10-07,28.329999923706055,28.760000228881836,28.25,28.600000381469727,18.86627960205078,3193100
2013-10-08,28.5,28.6200008392334,28.1200008392334,28.1200008392334,18.549646377563477,4215400
2013-10-09,28.190000534057617,28.469999313354492,28.010000228881836,28.25,18.63540267944336,3367500
2013-10-10,28.520000457763672,28.950000762939453,28.459999084472656,28.940000534057617,19.09056854248047,3820200
2013-10-11,28.75,29.34000015258789,28.75,29.34000015258789,19.35443115234375,2798600
2013-10-14,29.049999237060547,29.34000015258789,28.90999984741211,29.299999237060547,19.328044891357422,2218600
2013-10-15,29.139999389648438,29.299999237060547,28.770000457763672,28.780000686645508,18.985023498535156,3239800
2013-10-16,28.950000762939453,29.420000076293945,28.850000381469727,29.399999618530273,19.394010543823242,3616900
2013-10-17,29.25,30.1299991607666,29.18000030517578,30.010000228881836,19.79640007019043,3770000
2013-10-18,30.18000030517578,30.309999465942383,29.969999313354492,30.110000610351562,19.86237144470215,3318700
2013-10-21,30.059999465942383,30.600000381469727,29.709999084472656,30.09000015258789,19.849180221557617,6038800
2013-10-22,29.989999771118164,30.510000228881836,29.93000030517578,30.329999923706055,20.00749969482422,3784900
2013-10-23,30.260000228881836,30.479999542236328,30.110000610351562,30.459999084472656,20.09324836730957,3839800
2013-10-24,30.450000762939453,30.5,30.18000030517578,30.299999237060547,19.98770523071289,4620300
2013-10-25,31.8799991607666,32.0,30.920000076293945,31.389999389648438,20.70673370361328,7751900
2013-10-28,31.389999389648438,31.479999542236328,31.049999237060547,31.34000015258789,20.673749923706055,3988100
2013-10-29,31.25,31.280000686645508,30.719999313354492,30.950000762939453,20.416484832763672,3909000
2013-10-30,30.780000686645508,31.020000457763672,30.43000030517578,30.469999313354492,20.243741989135742,5532000
2013-10-31,30.510000228881836,30.75,30.190000534057617,30.420000076293945,20.210527420043945,5022500
2013-11-01,30.40999984741211,30.579999923706055,29.969999313354492,30.34000015258789,20.157371520996094,3619400
2013-11-04,30.739999771118164,30.799999237060547,30.219999313354492,30.3700008392334,20.17730140686035,3473100
2013-11-05,30.190000534057617,30.190000534057617,29.420000076293945,29.5,19.59929656982422,6536900
2013-11-06,29.700000762939453,29.739999771118164,29.34000015258789,29.3700008392334,19.512920379638672,3058600
2013-11-07,29.469999313354492,29.639999389648438,29.059999465942383,29.1299991607666,19.35346794128418,3778000
2013-11-08,29.020000457763672,29.329999923706055,28.559999465942383,29.299999237060547,19.466419219970703,4818500
2013-11-11,29.190000534057617,29.350000381469727,28.920000076293945,29.110000610351562,19.340181350708008,2971000
2013-11-12,29.110000610351562,29.219999313354492,28.81999969482422,29.149999618530273,19.366756439208984,3438000
2013-11-13,29.079999923706055,29.780000686645508,28.969999313354492,29.729999542236328,19.752103805541992,5184500
2013-11-14,29.479999542236328,29.979999542236328,29.479999542236328,29.860000610351562,19.83847427368164,4699700
2013-11-15,29.770000457763672,29.899999618530273,29.649999618530273,29.739999771118164,19.758743286132812,3427100
2013-11-18,29.850000381469727,29.940000534057617,29.59000015258789,29.65999984741211,19.705589294433594,2609900
2013-11-19,29.670000076293945,29.770000457763672,29.510000228881836,29.610000610351562,19.67237663269043,2058300
2013-11-20,29.6200008392334,29.940000534057617,29.079999923706055,29.170000076293945,19.380043029785156,3987000
2013-11-21,29.239999771118164,29.520000457763672,29.18000030517578,29.440000534057617,19.559423446655273,3701500
2013-11-22,29.520000457763672,29.600000381469727,29.25,29.559999465942383,19.639158248901367,3024400
2013-11-25,29.440000534057617,29.729999542236328,29.25,29.549999237060547,19.63250160217285,2688300
2013-11-26,29.559999465942383,29.860000610351562,29.450000762939453,29.59000015258789,19.659086227416992,3183700
2013-11-27,29.799999237060547,30.68000030517578,29.700000762939453,30.59000015258789,20.323471069335938,3742700
2013-11-29,30.5,30.59000015258789,29.920000076293945,30.1299991607666,20.017847061157227,2601600
2013-12-02,30.100000381469727,30.25,29.579999923706055,29.600000381469727,19.665733337402344,4219700
2013-12-03,29.5,29.639999389648438,29.3799991607666,29.489999771118164,19.592649459838867,3159200
2013-12-04,29.34000015258789,29.440000534057617,29.010000228881836,29.40999984741211,19.539499282836914,4490800
2013-12-05,29.3799991607666,29.530000686645508,29.1299991607666,29.420000076293945,19.54613494873047,3641800
2013-12-06,29.65999984741211,29.940000534057617,29.420000076293945,29.81999969482422,19.81189727783203,2676600
2013-12-09,29.959999084472656,30.270000457763672,29.81999969482422,30.079999923706055,19.984636306762695,4416700
2013-12-10,30.020000457763672,30.350000381469727,29.940000534057617,29.989999771118164,19.924837112426758,3572700
2013-12-11,29.989999771118164,29.989999771118164,29.200000762939453,29.299999237060547,19.466419219970703,3198400
2013-12-12,29.540000915527344,29.899999618530273,29.43000030517578,29.6299991607666,19.685659408569336,3877600
2013-12-13,29.809999465942383,30.209999084472656,29.770000457763672,30.010000228881836,19.938125610351562,4182000
2013-12-16,30.190000534057617,30.610000610351562,30.09000015258789,30.610000610351562,20.33675765991211,4291900
2013-12-17,30.459999084472656,30.530000686645508,29.940000534057617,30.100000381469727,19.997922897338867,5354900
2013-12-18,30.350000381469727,31.399999618530273,30.170000076293945,31.389999389648438,20.8549747467041,9472900
2013-12-19,31.149999618530273,31.489999771118164,31.030000686645508,31.270000457763672,20.775253295898438,4541200
2013-12-20,31.239999771118164,31.6200008392334,31.18000030517578,31.399999618530273,20.861621856689453,5437900
2013-12-23,31.520000457763672,31.709999084472656,31.299999237060547,31.329999923706055,20.815109252929688,2971200
2013-12-24,31.360000610351562,31.540000915527344,31.229999542236328,31.280000686645508,20.781892776489258,1479100
2013-12-26,31.450000762939453,31.600000381469727,31.190000534057617,31.329999923706055,20.815109252929688,2140200
2013-12-27,31.459999084472656,31.459999084472656,31.170000076293945,31.299999237060547,20.79517936706543,1508200
2013-12-30,31.329999923706055,31.479999542236328,31.290000915527344,31.43000030517578,20.88155174255371,1852000
2013-12-31,31.420000076293945,31.600000381469727,31.299999237060547,31.56999969482422,20.97456169128418,2898800
2014-01-02,31.3799991607666,31.579999923706055,31.170000076293945,31.270000457763672,20.775253295898438,2749500
2014-01-03,31.18000030517578,31.59000015258789,31.18000030517578,31.34000015258789,20.821754455566406,1945900
2014-01-06,31.40999984741211,31.43000030517578,30.799999237060547,31.020000457763672,20.609155654907227,3340600
2014-01-07,30.989999771118164,31.280000686645508,30.489999771118164,31.110000610351562,20.668949127197266,4501200
2014-01-08,31.0,31.040000915527344,30.56999969482422,30.81999969482422,20.47627830505371,4590100
2014-01-09,30.979999542236328,31.049999237060547,30.670000076293945,31.0,20.595870971679688,2776000
2014-01-10,31.110000610351562,31.31999969482422,30.979999542236328,31.059999465942383,20.635726928710938,2137500
2014-01-13,30.90999984741211,31.040000915527344,30.479999542236328,30.579999923706055,20.31682586669922,2062700
2014-01-14,30.690000534057617,31.079999923706055,30.6200008392334,30.940000534057617,20.556001663208008,2140800
2014-01-15,30.989999771118164,31.209999084472656,30.84000015258789,31.049999237060547,20.629079818725586,2083300
2014-01-16,31.010000228881836,31.299999237060547,31.0,31.170000076293945,20.70881462097168,2552600
2014-01-17,31.229999542236328,31.25,30.899999618530273,30.969999313354492,20.5759334564209,2515700
2014-01-21,31.040000915527344,31.229999542236328,30.899999618530273,31.149999618530273,20.695524215698242,2417100
2014-01-22,31.170000076293945,31.360000610351562,31.059999465942383,31.110000610351562,20.668949127197266,2194200
2014-01-23,30.899999618530273,31.059999465942383,30.530000686645508,30.559999465942383,20.303543090820312,4261700
2014-01-24,30.40999984741211,30.6200008392334,30.15999984741211,30.190000534057617,20.057720184326172,4900300
2014-01-27,30.219999313354492,30.68000030517578,30.110000610351562,30.329999923706055,20.150733947753906,4263600
2014-01-28,30.459999084472656,31.049999237060547,30.450000762939453,30.729999542236328,20.41648292541504,3821600
2014-01-29,30.520000457763672,30.84000015258789,30.399999618530273,30.540000915527344,20.29024887084961,2868500
2014-01-30,30.75,30.889999389648438,30.579999923706055,30.770000457763672,20.44305992126465,2776700
2014-01-31,29.93000030517578,30.270000457763672,29.65999984741211,29.8799991607666,19.85175895690918,6995700
2014-02-03,29.8799991607666,30.1200008392334,29.190000534057617,29.389999389648438,19.526214599609375,4851600
2014-02-04,29.440000534057617,29.649999618530273,29.219999313354492,29.40999984741211,19.539499282836914,3551100
2014-02-05,29.31999969482422,29.329999923706055,28.84000015258789,29.06999969482422,19.31360626220703,5450700
2014-02-06,29.1200008392334,29.610000610351562,29.059999465942383,29.510000228881836,19.60594367980957,2923500
2014-02-07,29.639999389648438,29.899999618530273,29.350000381469727,29.8799991607666,19.85175895690918,3376600
2014-02-10,29.84000015258789,30.030000686645508,29.600000381469727,30.010000228881836,19.938125610351562,2944200
2014-02-11,29.969999313354492,30.239999771118164,29.84000015258789,30.190000534057617,20.057720184326172,2528200
2014-02-12,30.229999542236328,30.309999465942383,30.010000228881836,30.280000686645508,20.117507934570312,2673300
2014-02-13,30.110000610351562,30.450000762939453,30.079999923706055,30.389999389648438,20.190589904785156,2301600
2014-02-14,30.31999969482422,30.530000686645508,30.270000457763672,30.450000762939453,20.230457305908203,2158800
2014-02-18,30.440000534057617,30.549999237060547,30.299999237060547,30.510000228881836,20.270315170288086,2122700
2014-02-19,30.399999618530273,30.59000015258789,30.25,30.350000381469727,20.164016723632812,3485100
2014-02-20,30.350000381469727,30.600000381469727,30.290000915527344,30.450000762939453,20.230457305908203,2719500
2014-02-21,30.420000076293945,30.43000030517578,30.1299991607666,30.18000030517578,20.051074981689453,2989500
2014-02-24,30.190000534057617,30.43000030517578,30.18000030517578,30.209999084472656,20.070999145507812,3287000
2014-02-25,30.219999313354492,30.229999542236328,29.860000610351562,29.920000076293945,19.87833023071289,4589000
2014-02-26,29.780000686645508,30.06999969482422,29.700000762939453,29.850000381469727,19.978721618652344,3814400
2014-02-27,29.889999389648438,29.979999542236328,29.3799991607666,29.510000228881836,19.75116729736328,4603300
2014-02-28,29.549999237060547,29.649999618530273,29.31999969482422,29.510000228881836,19.75116729736328,5391600
2014-03-03,29.3700008392334,29.530000686645508,29.190000534057617,29.280000686645508,19.597227096557617,4772000
2014-03-04,29.600000381469727,29.639999389648438,29.43000030517578,29.6200008392334,19.824785232543945,5296100
2014-03-05,29.59000015258789,29.860000610351562,29.389999389648438,29.81999969482422,19.958642959594727,5059300
2014-03-06,29.84000015258789,30.290000915527344,29.84000015258789,30.15999984741211,20.18621253967285,2912000
2014-03-07,30.229999542236328,30.280000686645508,29.780000686645508,29.790000915527344,19.93857192993164,3323400
2014-03-10,29.790000915527344,29.850000381469727,29.600000381469727,29.670000076293945,19.858259201049805,3561500
2014-03-11,29.760000228881836,29.760000228881836,29.479999542236328,29.600000381469727,19.8114070892334,2474300
2014-03-12,29.489999771118164,29.75,29.489999771118164,29.600000381469727,19.8114070892334,2549300
2014-03-13,29.68000030517578,29.860000610351562,29.3700008392334,29.780000686645508,19.93187713623047,5842600
2014-03-14,29.75,30.049999237060547,29.75,29.860000610351562,19.98542022705078,3710000
2014-03-17,29.969999313354492,30.020000457763672,29.299999237060547,29.329999923706055,19.630687713623047,4801600
2014-03-18,29.3700008392334,29.6200008392334,29.270000457763672,29.610000610351562,19.818096160888672,4133500
2014-03-19,29.68000030517578,29.68000030517578,29.010000228881836,29.170000076293945,19.523601531982422,4369600
2014-03-20,29.110000610351562,29.280000686645508,28.889999389648438,29.280000686645508,19.597227096557617,3591400
2014-03-21,29.469999313354492,29.6299991607666,29.18000030517578,29.290000915527344,19.60392189025879,4288200
2014-03-24,29.329999923706055,29.350000381469727,29.100000381469727,29.229999542236328,19.563756942749023,2511100
2014-03-25,29.3700008392334,29.469999313354492,29.059999465942383,29.25,19.577150344848633,2475500
2014-03-26,29.309999465942383,29.3700008392334,28.8799991607666,28.889999389648438,19.336200714111328,2459800
2014-03-27,28.969999313354492,28.969999313354492,28.6299991607666,28.84000015258789,19.30272674560547,4611500
2014-03-28,28.989999771118164,29.270000457763672,28.93000030517578,29.18000030517578,19.530298233032227,2596800
2014-03-31,29.360000610351562,29.479999542236328,29.06999969482422,29.350000381469727,19.644079208374023,2350600
2014-04-01,29.239999771118164,29.790000915527344,29.040000915527344,29.790000915527344,19.93857192993164,3754600
2014-04-02,29.790000915527344,29.799999237060547,29.440000534057617,29.469999313354492,19.724393844604492,3046400
2014-04-03,29.5,29.799999237060547,29.350000381469727,29.75,19.911802291870117,4277700
2014-04-04,29.799999237060547,29.889999389648438,29.549999237060547,29.600000381469727,19.8114070892334,3598500
2014-04-07,29.56999969482422,29.649999618530273,28.989999771118164,29.010000228881836,19.41651153564453,4037900
2014-04-08,28.950000762939453,29.15999984741211,28.5,28.549999237060547,19.108640670776367,7066000
2014-04-09,28.579999923706055,28.90999984741211,28.209999084472656,28.670000076293945,19.188953399658203,5372500
2014-04-10,28.6299991607666,28.84000015258789,28.09000015258789,28.190000534057617,18.8676815032959,3402700
2014-04-11,28.09000015258789,28.209999084472656,27.68000030517578,27.719999313354492,18.553110122680664,4001100
2014-04-14,27.90999984741211,27.940000534057617,27.600000381469727,27.889999389648438,18.66689109802246,2676400
2014-04-15,27.8700008392334,27.959999084472656,27.479999542236328,27.760000228881836,18.57988929748535,3801000
2014-04-16,27.989999771118164,28.0,27.65999984741211,27.899999618530273,18.673585891723633,3417400
2014-04-17,27.790000915527344,27.950000762939453,27.670000076293945,27.8700008392334,18.653501510620117,4481900
2014-04-21,27.899999618530273,28.219999313354492,27.84000015258789,28.200000762939453,18.874370574951172,2254300
2014-04-22,28.200000762939453,28.5,28.0,28.450000762939453,19.041702270507812,3032500
2014-04-23,28.43000030517578,28.75,28.18000030517578,28.600000381469727,19.14209747314453,4220200
2014-04-24,28.639999389648438,28.799999237060547,28.5,28.739999771118164,19.235794067382812,3611700
2014-04-25,28.850000381469727,29.649999618530273,28.760000228881836,29.520000457763672,19.757856369018555,4606600
2014-04-28,29.6299991607666,29.899999618530273,29.469999313354492,29.809999465942383,19.95195770263672,3843400
2014-04-29,29.860000610351562,29.93000030517578,29.709999084472656,29.920000076293945,20.025577545166016,2857500
2014-04-30,29.889999389648438,30.0,29.709999084472656,29.850000381469727,19.978721618652344,3385900
2014-05-01,29.760000228881836,29.950000762939453,29.540000915527344,29.93000030517578,20.03227424621582,3442300
2014-05-02,29.8700008392334,30.139999389648438,29.780000686645508,29.940000534057617,20.038970947265625,2722400
2014-05-05,29.850000381469727,30.290000915527344,29.81999969482422,30.260000228881836,20.253149032592773,3228500
2014-05-06,30.190000534057617,30.3799991607666,29.979999542236328,30.260000228881836,20.253149032592773,3828100
2014-05-07,30.1200008392334,30.440000534057617,30.010000228881836,30.420000076293945,20.509340286254883,2500300
2014-05-08,30.350000381469727,30.600000381469727,30.06999969482422,30.170000076293945,20.34079360961914,2930500
2014-05-09,30.15999984741211,30.34000015258789,29.969999313354492,30.299999237060547,20.428430557250977,2570200
2014-05-12,30.440000534057617,30.549999237060547,30.280000686645508,30.329999923706055,20.44866371154785,2256500
2014-05-13,30.479999542236328,30.690000534057617,30.25,30.280000686645508,20.41495132446289,2679700
2014-05-14,30.360000610351562,30.739999771118164,30.25,30.479999542236328,20.54979705810547,3700800
2014-05-15,30.440000534057617,30.450000762939453,29.829999923706055,30.06999969482422,20.27336883544922,2330700
2014-05-16,30.110000610351562,30.450000762939453,30.079999923706055,30.309999465942383,20.435182571411133,2831700
2014-05-19,30.299999237060547,30.329999923706055,30.030000686645508,30.209999084472656,20.367761611938477,2628600
2014-05-20,30.079999923706055,30.239999771118164,29.760000228881836,29.889999389648438,20.15201187133789,2270900
2014-05-21,29.959999084472656,30.299999237060547,29.920000076293945,30.25,20.394729614257812,3153600
2014-05-22,30.229999542236328,30.530000686645508,30.1200008392334,30.350000381469727,20.462148666381836,22033700
2014-05-23,30.399999618530273,30.969999313354492,30.149999618530273,30.8700008392334,20.812732696533203,11135700
2014-05-27,30.8700008392334,31.110000610351562,30.760000228881836,30.899999618530273,20.832958221435547,6102000
2014-05-28,30.899999618530273,31.200000762939453,30.709999084472656,31.110000610351562,20.974544525146484,5376500
2014-05-29,31.190000534057617,31.479999542236328,31.06999969482422,31.270000457763672,21.082420349121094,6095500
2014-05-30,31.229999542236328,31.459999084472656,31.170000076293945,31.420000076293945,21.18354606628418,3969800
2014-06-02,31.459999084472656,31.5,31.360000610351562,31.450000762939453,21.203779220581055,3485200
2014-06-03,31.270000457763672,31.31999969482422,30.969999313354492,31.079999923706055,20.954317092895508,6597700
2014-06-04,31.030000686645508,31.059999465942383,30.709999084472656,30.979999542236328,20.88689422607422,12129200
2014-06-05,30.969999313354492,31.350000381469727,30.84000015258789,31.290000915527344,21.095897674560547,16633300
2014-06-06,31.34000015258789,31.59000015258789,31.299999237060547,31.34000015258789,21.129608154296875,10570800
2014-06-09,31.31999969482422,31.469999313354492,31.200000762939453,31.31999969482422,21.116127014160156,7108000
2014-06-10,31.25,31.399999618530273,31.110000610351562,31.239999771118164,21.06218910217285,7185000
2014-06-11,31.100000381469727,31.209999084472656,30.8799991607666,31.139999389648438,20.99477195739746,8965500
2014-06-12,31.010000228881836,31.06999969482422,30.770000457763672,30.889999389648438,20.826217651367188,6729100
2014-06-13,30.899999618530273,30.950000762939453,30.59000015258789,30.84000015258789,20.79250717163086,3508500
2014-06-16,30.760000228881836,30.8799991607666,30.5,30.860000610351562,20.80599021911621,6107400
2014-06-17,30.770000457763672,30.950000762939453,30.709999084472656,30.93000030517578,20.85318374633789,3608100
2014-06-18,30.90999984741211,30.940000534057617,30.530000686645508,30.860000610351562,20.80599021911621,5437400
2014-06-19,30.81999969482422,30.940000534057617,30.709999084472656,30.8700008392334,20.812732696533203,4391500
2014-06-20,30.829999923706055,31.1200008392334,30.6299991607666,31.079999923706055,20.954317092895508,7489700
2014-06-23,31.079999923706055,31.40999984741211,31.010000228881836,31.229999542236328,21.055448532104492,7839300
2014-06-24,31.149999618530273,32.400001525878906,31.149999618530273,32.16999816894531,21.68920135498047,15597500
2014-06-25,32.130001068115234,32.36000061035156,31.780000686645508,32.31999969482422,21.79033088684082,18857600
2014-06-26,32.33000183105469,32.75,32.310001373291016,32.70000076293945,22.04652976989746,17516300
2014-06-27,32.65999984741211,32.869998931884766,32.20000076293945,32.58000183105469,21.965627670288086,27737900
2014-06-30,32.709999084472656,33.2599983215332,32.47999954223633,33.09000015258789,22.309467315673828,21265300
2014-07-01,33.06999969482422,33.09000015258789,32.400001525878906,32.45000076293945,21.87798309326172,22728500
2014-07-02,32.66999816894531,33.150001525878906,32.54999923706055,32.900001525878906,22.181379318237305,13178100
2014-07-03,32.790000915527344,33.75,32.63999938964844,33.220001220703125,22.397123336791992,57594700
2014-07-07,33.09000015258789,33.22999954223633,32.849998474121094,33.18000030517578,22.370147705078125,11445600
2014-07-08,33.22999954223633,33.599998474121094,33.040000915527344,33.349998474121094,22.48476219177246,11892100
2014-07-09,33.36000061035156,33.47999954223633,33.04999923706055,33.099998474121094,22.316211700439453,8624600
2014-07-10,32.810001373291016,33.0,32.540000915527344,32.56999969482422,21.95888328552246,11816300
2014-07-11,32.56999969482422,32.720001220703125,32.15999984741211,32.380001068115234,21.830787658691406,9856000
2014-07-14,32.38999938964844,32.45000076293945,32.16999816894531,32.2400016784668,21.736392974853516,9145200
2014-07-15,32.40999984741211,32.630001068115234,32.279998779296875,32.290000915527344,21.770105361938477,9120600
2014-07-16,32.43000030517578,32.5,32.189998626708984,32.41999816894531,21.857755661010742,6652200
2014-07-17,32.25,32.58000183105469,32.16999816894531,32.25,21.743141174316406,7772700
2014-07-18,32.33000183105469,32.630001068115234,32.25,32.58000183105469,21.965627670288086,6425700
2014-07-21,32.52000045776367,32.529998779296875,32.189998626708984,32.2599983215332,21.7498779296875,3997500
2014-07-22,32.470001220703125,32.529998779296875,32.27000045776367,32.27000045776367,21.756622314453125,3673400
2014-07-23,32.279998779296875,32.380001068115234,32.09000015258789,32.119998931884766,21.655492782592773,3078300
2014-07-24,32.18000030517578,32.2599983215332,31.950000762939453,32.04999923706055,21.608301162719727,3152400
2014-07-25,31.93000030517578,32.099998474121094,31.84000015258789,31.920000076293945,21.520648956298828,2034100
2014-07-28,31.940000534057617,32.29999923706055,31.850000381469727,32.27000045776367,21.756622314453125,4861300
2014-07-29,32.27000045776367,32.279998779296875,31.950000762939453,31.959999084472656,21.5476131439209,3622000
2014-07-30,32.09000015258789,32.209999084472656,31.6200008392334,31.81999969482422,21.45322608947754,3784000
2014-07-31,31.729999542236328,31.799999237060547,31.299999237060547,31.31999969482422,21.116127014160156,5407000
2014-08-01,31.889999389648438,32.0,31.09000015258789,31.229999542236328,21.055448532104492,5706900
2014-08-04,31.56999969482422,31.729999542236328,31.34000015258789,31.610000610351562,21.3116455078125,2917900
2014-08-05,31.520000457763672,31.709999084472656,31.309999465942383,31.420000076293945,21.18354606628418,2677700
2014-08-06,31.270000457763672,31.690000534057617,31.15999984741211,31.610000610351562,21.3116455078125,2161200
2014-08-07,31.65999984741211,31.729999542236328,31.469999313354492,31.549999237060547,21.271188735961914,1653100
2014-08-08,31.600000381469727,32.0,31.43000030517578,32.0,21.574586868286133,2506200
2014-08-11,32.0,32.2400016784668,31.940000534057617,32.099998474121094,21.64200210571289,2838600
2014-08-12,32.040000915527344,32.41999816894531,32.0099983215332,32.33000183105469,21.797077178955078,2225200
2014-08-13,32.43000030517578,32.470001220703125,32.220001220703125,32.34000015258789,21.803821563720703,1438600
2014-08-14,32.61000061035156,33.150001525878906,32.5,33.060001373291016,22.289249420166016,3871400
2014-08-15,33.130001068115234,33.18000030517578,32.83000183105469,32.959999084472656,22.22182273864746,2292600
2014-08-18,33.150001525878906,33.41999816894531,33.13999938964844,33.41999816894531,22.53196144104004,2766700
2014-08-19,33.470001220703125,34.029998779296875,33.380001068115234,33.970001220703125,22.90277671813965,3817700
2014-08-20,33.869998931884766,34.150001525878906,33.779998779296875,34.099998474121094,22.990419387817383,3470600
2014-08-21,34.099998474121094,34.41999816894531,34.099998474121094,34.380001068115234,23.179197311401367,4236500
2014-08-22,34.290000915527344,34.40999984741211,34.2599983215332,34.279998779296875,23.111772537231445,2027500
2014-08-25,34.4900016784668,34.5099983215332,34.31999969482422,34.459999084472656,23.233131408691406,1862200
2014-08-26,34.41999816894531,34.599998474121094,34.2400016784668,34.279998779296875,23.111772537231445,2686800
2014-08-27,34.11000061035156,34.33000183105469,34.0,34.13999938964844,23.213773727416992,1910200
2014-08-28,33.97999954223633,34.150001525878906,33.880001068115234,33.95000076293945,23.08458137512207,2289400
2014-08-29,34.02000045776367,34.099998474121094,33.869998931884766,33.95000076293945,23.08458137512207,2970700
2014-09-02,34.0,34.130001068115234,33.91999816894531,33.9900016784668,23.11178207397461,1858300
2014-09-03,34.040000915527344,34.150001525878906,33.869998931884766,33.88999938964844,23.043779373168945,3485400
2014-09-04,34.09000015258789,34.18000030517578,33.77000045776367,33.900001525878906,23.050582885742188,2925600
2014-09-05,33.790000915527344,34.040000915527344,33.790000915527344,33.95000076293945,23.08458137512207,4020400
2014-09-08,33.970001220703125,34.09000015258789,33.90999984741211,34.0,23.118572235107422,2507800
2014-09-09,33.90999984741211,34.040000915527344,33.7599983215332,33.84000015258789,23.009782791137695,2389400
2014-09-10,33.779998779296875,33.880001068115234,33.54999923706055,33.72999954223633,22.93498992919922,1686900
2014-09-11,33.56999969482422,33.810001373291016,33.529998779296875,33.689998626708984,22.907785415649414,1783400
2014-09-12,33.65999984741211,33.65999984741211,32.88999938964844,33.09000015258789,22.49981117248535,4702100
2014-09-15,33.06999969482422,33.25,32.83000183105469,32.93000030517578,22.391023635864258,2697300
2014-09-16,32.95000076293945,33.279998779296875,32.900001525878906,33.099998474121094,22.50661277770996,4143700
2014-09-17,33.15999984741211,33.380001068115234,32.849998474121094,32.88999938964844,22.363819122314453,2928600
2014-09-18,32.88999938964844,33.0099983215332,32.470001220703125,32.630001068115234,22.187034606933594,4132200
2014-09-19,32.7400016784668,32.83000183105469,32.34000015258789,32.38999938964844,22.023839950561523,4896800
2014-09-22,32.400001525878906,32.52000045776367,31.850000381469727,31.8700008392334,21.670265197753906,4492700
2014-09-23,31.75,32.0099983215332,31.6299991607666,31.649999618530273,21.520673751831055,3816500
2014-09-24,31.639999389648438,32.36000061035156,31.549999237060547,32.16999816894531,21.874252319335938,3414400
2014-09-25,32.11000061035156,32.150001525878906,31.850000381469727,31.959999084472656,21.731456756591797,2848200
2014-09-26,31.93000030517578,32.349998474121094,31.81999969482422,32.31999969482422,21.976245880126953,3235400
2014-09-29,32.099998474121094,32.349998474121094,31.969999313354492,32.25,21.928651809692383,3181400
2014-09-30,32.2400016784668,32.290000915527344,31.860000610351562,31.860000610351562,21.663467407226562,3018800
2014-10-01,31.860000610351562,31.979999542236328,31.6200008392334,31.780000686645508,21.609071731567383,3906400
2014-10-02,31.790000915527344,32.220001220703125,31.610000610351562,32.060001373291016,21.799457550048828,3101800
2014-10-03,32.189998626708984,32.540000915527344,32.11000061035156,32.41999816894531,22.04424476623535,2609000
2014-10-06,32.470001220703125,32.689998626708984,32.150001525878906,32.220001220703125,21.908252716064453,2691300
2014-10-07,32.119998931884766,32.310001373291016,31.81999969482422,31.829999923706055,21.643064498901367,2570600
2014-10-08,31.829999923706055,32.22999954223633,31.809999465942383,32.119998931884766,21.840255737304688,6841800
2014-10-09,32.119998931884766,32.310001373291016,31.690000534057617,31.770000457763672,21.602272033691406,5709800
2014-10-10,31.799999237060547,32.4900016784668,31.719999313354492,32.0,21.75865936279297,4860800
2014-10-13,32.02000045776367,32.599998474121094,32.02000045776367,32.119998931884766,21.840255737304688,3470400
2014-10-14,32.31999969482422,32.939998626708984,32.119998931884766,32.5,22.098634719848633,3843400
2014-10-15,32.18000030517578,32.5099983215332,31.610000610351562,32.09000015258789,21.819854736328125,4720500
2014-10-16,31.790000915527344,32.66999816894531,31.700000762939453,32.38999938964844,22.023839950561523,4344900
2014-10-17,32.65999984741211,33.04999923706055,32.560001373291016,32.9900016784668,22.431814193725586,4801400
2014-10-20,32.900001525878906,33.27000045776367,32.77000045776367,33.25,22.608604431152344,3011200
2014-10-21,33.400001525878906,33.95000076293945,33.15999984741211,33.68000030517578,22.900989532470703,2371200
2014-10-22,33.70000076293945,33.880001068115234,33.209999084472656,33.27000045776367,22.622203826904297,3158500
2014-10-23,33.5,33.900001525878906,33.43000030517578,33.7400016784668,22.941791534423828,2401400
2014-10-24,33.65999984741211,33.95000076293945,33.5,33.88999938964844,23.043779373168945,2678900
2014-10-27,33.86000061035156,34.04999923706055,33.63999938964844,34.029998779296875,23.138973236083984,2514300
2014-10-28,34.099998474121094,34.130001068115234,33.7400016784668,34.130001068115234,23.206968307495117,2516900
2014-10-29,33.84000015258789,33.849998474121094,32.91999816894531,33.08000183105469,22.685773849487305,4234700
2014-10-30,33.060001373291016,33.630001068115234,32.88999938964844,33.540000915527344,23.001237869262695,4727000
2014-10-31,33.65999984741211,34.040000915527344,33.029998779296875,33.86000061035156,23.220685958862305,4841500
2014-11-03,33.880001068115234,34.38999938964844,33.880001068115234,34.279998779296875,23.508712768554688,3013800
2014-11-04,34.290000915527344,34.4900016784668,34.040000915527344,34.459999084472656,23.632156372070312,2763400
2014-11-05,34.529998779296875,34.529998779296875,34.189998626708984,34.380001068115234,23.577293395996094,3056200
2014-11-06,34.369998931884766,34.47999954223633,34.099998474121094,34.2400016784668,23.481287002563477,2924200
2014-11-07,34.18000030517578,34.4900016784668,34.150001525878906,34.29999923706055,23.522430419921875,2184200
2014-11-10,34.18000030517578,34.540000915527344,34.16999816894531,34.40999984741211,23.597867965698242,2233600
2014-11-11,34.38999938964844,34.5099983215332,34.209999084472656,34.25,23.488142013549805,2212500
2014-11-12,34.25,34.36000061035156,33.88999938964844,34.029998779296875,23.33726692199707,4874700
2014-11-13,34.029998779296875,34.279998779296875,33.88999938964844,33.95000076293945,23.282411575317383,1644200
2014-11-14,33.970001220703125,34.119998931884766,33.77000045776367,33.900001525878906,23.24812126159668,2878300
2014-11-17,33.900001525878906,34.130001068115234,33.869998931884766,34.029998779296875,23.33726692199707,1929400
2014-11-18,34.02000045776367,34.47999954223633,34.0099983215332,34.38999938964844,23.58414649963379,2794200
2014-11-19,34.36000061035156,34.439998626708984,34.119998931884766,34.20000076293945,23.453853607177734,4018400
2014-11-20,34.029998779296875,34.279998779296875,34.0,34.18000030517578,23.440143585205078,4735200
2014-11-21,34.41999816894531,34.470001220703125,34.25,34.349998474121094,23.55672264099121,4736700
2014-11-24,34.5,34.90999984741211,34.470001220703125,34.83000183105469,23.88589859008789,2835800
2014-11-25,34.88999938964844,35.290000915527344,34.72999954223633,35.22999954223633,24.16021156311035,3459700
2014-11-26,35.349998474121094,35.540000915527344,34.849998474121094,34.91999816894531,23.947616577148438,3436600
2014-11-28,35.029998779296875,35.34000015258789,34.9900016784668,35.310001373291016,24.21507453918457,1731400
2014-12-01,35.290000915527344,35.45000076293945,35.150001525878906,35.15999984741211,24.112211227416992,2620000
2014-12-02,35.189998626708984,35.439998626708984,35.06999969482422,35.36000061035156,24.249361038208008,1589500
2014-12-03,35.380001068115234,35.5,35.209999084472656,35.43000030517578,24.297372817993164,2227400
2014-12-04,35.349998474121094,35.369998931884766,35.060001373291016,35.29999923706055,24.208215713500977,2150500
2014-12-05,35.2400016784668,35.54999923706055,35.040000915527344,35.529998779296875,24.36594581604004,2673500
2014-12-08,35.54999923706055,36.16999816894531,35.529998779296875,36.11000061035156,24.763704299926758,3769100
2014-12-09,35.689998626708984,36.349998474121094,35.650001525878906,36.150001525878906,24.791133880615234,3630100
2014-12-10,36.18000030517578,36.70000076293945,36.0,36.04999923706055,24.722557067871094,4701200
2014-12-11,36.060001373291016,36.38999938964844,36.0099983215332,36.09000015258789,24.749988555908203,2994400
2014-12-12,35.86000061035156,36.38999938964844,35.72999954223633,35.83000183105469,24.571691513061523,3136800
2014-12-15,35.900001525878906,35.9900016784668,35.5,35.59000015258789,24.40709686279297,3923100
2014-12-16,35.540000915527344,35.58000183105469,34.68000030517578,34.7400016784668,23.824180603027344,5869900
2014-12-17,34.810001373291016,35.25,34.70000076293945,35.0099983215332,24.009334564208984,5148900
2014-12-18,35.279998779296875,35.560001373291016,35.13999938964844,35.29999923706055,24.208215713500977,5907200
2014-12-19,35.41999816894531,36.380001068115234,35.349998474121094,36.189998626708984,24.818559646606445,6474600
2014-12-22,36.209999084472656,36.619998931884766,36.209999084472656,36.4900016784668,25.02430534362793,4166100
2014-12-23,36.59000015258789,36.779998779296875,36.459999084472656,36.58000183105469,25.08601951599121,2389900
2014-12-24,36.72999954223633,36.779998779296875,36.58000183105469,36.619998931884766,25.113460540771484,1081300
2014-12-26,36.779998779296875,36.880001068115234,36.59000015258789,36.630001068115234,25.120309829711914,1681600
2014-12-29,36.52000045776367,36.869998931884766,36.5099983215332,36.63999938964844,25.12717056274414,1587800
2014-12-30,36.63999938964844,36.689998626708984,36.310001373291016,36.439998626708984,24.99001121520996,1797200
2014-12-31,36.47999954223633,36.66999816894531,35.849998474121094,35.88999938964844,24.61282730102539,2024200
2015-01-02,35.869998931884766,36.189998626708984,35.869998931884766,36.11000061035156,24.763704299926758,2426600
2015-01-05,35.900001525878906,36.2400016784668,35.900001525878906,36.11000061035156,24.763704299926758,2385400
2015-01-06,36.209999084472656,36.4900016784668,35.97999954223633,36.06999969482422,24.73627281188965,3405900
2015-01-07,35.790000915527344,36.349998474121094,35.779998779296875,36.18000030517578,24.811704635620117,2872700
2015-01-08,36.41999816894531,36.72999954223633,36.33000183105469,36.56999969482422,25.07916831970215,3004500
2015-01-09,36.56999969482422,36.790000915527344,36.45000076293945,36.52000045776367,25.04487419128418,2022500
2015-01-12,36.52000045776367,36.66999816894531,36.349998474121094,36.56999969482422,25.07916831970215,1888900
2015-01-13,36.79999923706055,37.040000915527344,36.52000045776367,36.689998626708984,25.161455154418945,2643300
2015-01-14,36.459999084472656,36.47999954223633,36.02000045776367,36.439998626708984,24.99001121520996,2776900
2015-01-15,36.619998931884766,36.77000045776367,36.33000183105469,36.369998931884766,24.9420108795166,2958600
2015-01-16,36.310001373291016,36.70000076293945,36.09000015258789,36.630001068115234,25.120309829711914,2814700
2015-01-20,36.75,36.88999938964844,35.779998779296875,35.90999984741211,24.626544952392578,5039700
2015-01-21,35.790000915527344,35.900001525878906,35.41999816894531,35.66999816894531,24.461952209472656,3368600
2015-01-22,35.93000030517578,36.529998779296875,35.72999954223633,36.47999954223633,25.017446517944336,3112700
2015-01-23,36.529998779296875,36.560001373291016,36.040000915527344,36.040000915527344,24.715700149536133,2613400
2015-01-26,36.040000915527344,36.119998931884766,35.7599983215332,36.119998931884766,24.770557403564453,2727700
2015-01-27,35.880001068115234,36.11000061035156,35.81999969482422,35.90999984741211,24.626544952392578,2257400
2015-01-28,36.11000061035156,36.279998779296875,35.560001373291016,35.56999969482422,24.39337921142578,2361800
2015-01-29,35.65999984741211,35.70000076293945,35.119998931884766,35.40999984741211,24.28365135192871,4823800
2015-01-30,35.33000183105469,36.349998474121094,35.189998626708984,35.849998474121094,24.585403442382812,5314400
2015-02-02,35.83000183105469,35.83000183105469,34.869998931884766,35.2400016784668,24.167068481445312,5203900
2015-02-03,35.279998779296875,35.58000183105469,35.09000015258789,35.56999969482422,24.39337921142578,3914500
2015-02-04,35.47999954223633,35.599998474121094,35.06999969482422,35.290000915527344,24.201364517211914,3147700
2015-02-05,35.43000030517578,35.65999984741211,35.310001373291016,35.5099983215332,24.35223388671875,2601400
2015-02-06,35.61000061035156,35.61000061035156,34.75,34.869998931884766,23.913328170776367,3633000
2015-02-09,34.849998474121094,35.13999938964844,34.81999969482422,34.849998474121094,23.89961051940918,2385100
2015-02-10,35.02000045776367,35.380001068115234,34.91999816894531,35.220001220703125,24.153352737426758,2391000
2015-02-11,35.220001220703125,35.400001525878906,34.9900016784668,35.099998474121094,24.071060180664062,2089500
2015-02-12,35.2599983215332,35.63999938964844,35.16999816894531,35.560001373291016,24.386518478393555,1967300
2015-02-13,35.45000076293945,35.56999969482422,35.290000915527344,35.52000045776367,24.35909080505371,1796900
2015-02-17,35.45000076293945,35.529998779296875,34.93000030517578,35.0099983215332,24.009334564208984,3608100
2015-02-18,34.88999938964844,35.540000915527344,34.83000183105469,35.459999084472656,24.317941665649414,2710700
2015-02-19,35.31999969482422,35.369998931884766,35.040000915527344,35.15999984741211,24.112211227416992,2742500
2015-02-20,35.2599983215332,35.59000015258789,35.119998931884766,35.4900016784668,24.338520050048828,5399700
2015-02-23,35.529998779296875,35.75,35.459999084472656,35.72999954223633,24.503101348876953,2122300
2015-02-24,35.68000030517578,35.68000030517578,35.02000045776367,35.13999938964844,24.09848976135254,3144700
2015-02-25,34.93000030517578,35.2400016784668,34.88999938964844,34.939998626708984,24.16072654724121,3026500
2015-02-26,34.970001220703125,35.58000183105469,34.900001525878906,35.09000015258789,24.26445198059082,4099700
2015-02-27,35.09000015258789,35.209999084472656,34.84000015258789,35.11000061035156,24.27828025817871,2319300
2015-03-02,35.11000061035156,35.599998474121094,34.9900016784668,35.20000076293945,24.340511322021484,2268500
2015-03-03,35.0,35.09000015258789,34.540000915527344,34.810001373291016,24.070831298828125,3085000
2015-03-04,34.63999938964844,34.84000015258789,34.189998626708984,34.27000045776367,23.697429656982422,2679100
2015-03-05,34.36000061035156,34.529998779296875,34.11000061035156,34.130001068115234,23.600616455078125,2599700
2015-03-06,33.880001068115234,33.970001220703125,32.81999969482422,33.029998779296875,22.839975357055664,6649700
2015-03-09,33.02000045776367,33.689998626708984,33.0,33.540000915527344,23.192638397216797,4074600
2015-03-10,33.209999084472656,33.58000183105469,33.15999984741211,33.2400016784668,22.985193252563477,3297500
2015-03-11,33.290000915527344,33.5,33.18000030517578,33.38999938964844,23.088911056518555,2559800
2015-03-12,33.54999923706055,33.900001525878906,33.400001525878906,33.7400016784668,23.33094024658203,2735800
2015-03-13,33.63999938964844,33.66999816894531,32.90999984741211,33.060001373291016,22.8607234954834,4131700
2015-03-16,33.220001220703125,33.779998779296875,33.209999084472656,33.68000030517578,23.289447784423828,2740600
2015-03-17,33.59000015258789,33.83000183105469,33.459999084472656,33.459999084472656,23.13731575012207,2184900
2015-03-18,33.439998626708984,34.2599983215332,33.16999816894531,34.119998931884766,23.593700408935547,3424600
2015-03-19,33.9900016784668,34.2599983215332,33.849998474121094,33.88999938964844,23.434656143188477,2359100
2015-03-20,34.18000030517578,34.54999923706055,33.79999923706055,34.459999084472656,23.828805923461914,4883100
2015-03-23,34.45000076293945,34.560001373291016,34.2599983215332,34.380001068115234,23.77349090576172,2421700
2015-03-24,34.31999969482422,34.4900016784668,34.20000076293945,34.29999923706055,23.718170166015625,2521500
2015-03-25,34.279998779296875,34.279998779296875,33.27000045776367,33.279998779296875,23.012840270996094,4540200
2015-03-26,33.20000076293945,33.349998474121094,32.7400016784668,33.060001373291016,22.8607234954834,3960600
2015-03-27,33.060001373291016,33.31999969482422,32.970001220703125,33.04999923706055,22.853805541992188,2379400
2015-03-30,33.209999084472656,33.34000015258789,32.93000030517578,33.16999816894531,22.936786651611328,2653100
2015-03-31,33.040000915527344,33.560001373291016,32.95000076293945,33.150001525878906,22.922962188720703,3532100
2015-04-01,33.16999816894531,33.189998626708984,32.66999816894531,32.86000061035156,22.722415924072266,2904600
2015-04-02,32.81999969482422,33.040000915527344,32.599998474121094,32.63999938964844,22.57029151916504,4511700
2015-04-06,32.54999923706055,32.75,32.43000030517578,32.5099983215332,22.48040008544922,7015800
2015-04-07,32.54999923706055,32.599998474121094,32.13999938964844,32.150001525878906,22.231462478637695,4184400
2015-04-08,32.2400016784668,32.36000061035156,32.04999923706055,32.36000061035156,22.376676559448242,3128300
2015-04-09,32.310001373291016,32.40999984741211,32.08000183105469,32.15999984741211,22.238378524780273,3022800
2015-04-10,32.2400016784668,32.439998626708984,32.20000076293945,32.25,22.300613403320312,2175200
2015-04-13,32.209999084472656,32.349998474121094,32.08000183105469,32.20000076293945,22.26603889465332,2534000
2015-04-14,32.099998474121094,32.220001220703125,31.84000015258789,31.989999771118164,22.120820999145508,4278900
2015-04-15,32.08000183105469,32.150001525878906,31.93000030517578,32.02000045776367,22.14156723022461,3160600
2015-04-16,31.889999389648438,32.29999923706055,31.469999313354492,32.150001525878906,22.231462478637695,3505500
2015-04-17,32.0,32.09000015258789,31.520000457763672,31.549999237060547,21.816560745239258,3550400
2015-04-20,31.649999618530273,31.8799991607666,31.649999618530273,31.729999542236328,21.941036224365234,8847600
2015-04-21,31.81999969482422,31.989999771118164,31.579999923706055,31.610000610351562,21.858057022094727,2749000
2015-04-22,31.6200008392334,31.799999237060547,31.510000228881836,31.75,21.954862594604492,2338700
2015-04-23,31.729999542236328,32.0,31.559999465942383,31.860000610351562,22.030929565429688,2148600
2015-04-24,31.850000381469727,32.470001220703125,31.850000381469727,32.33000183105469,22.355934143066406,4196500
2015-04-27,32.369998931884766,32.45000076293945,32.08000183105469,32.15999984741211,22.238378524780273,3639600
2015-04-28,32.06999969482422,32.33000183105469,31.940000534057617,32.18000030517578,22.2522029876709,2875000
2015-04-29,31.969999313354492,32.119998931884766,31.639999389648438,31.729999542236328,21.941036224365234,2669000
2015-04-30,31.600000381469727,31.670000076293945,31.25,31.510000228881836,21.788911819458008,4560300
2015-05-01,31.389999389648438,32.150001525878906,31.15999984741211,32.0099983215332,22.134653091430664,8361400
2015-05-04,31.950000762939453,32.06999969482422,31.450000762939453,31.59000015258789,21.844228744506836,5075000
2015-05-05,31.520000457763672,31.610000610351562,31.06999969482422,31.1200008392334,21.519227981567383,3103800
2015-05-06,31.1299991607666,31.31999969482422,31.059999465942383,31.170000076293945,21.553804397583008,4116100
2015-05-07,31.239999771118164,32.130001068115234,31.110000610351562,32.040000915527344,22.155399322509766,4486400
2015-05-08,32.400001525878906,32.810001373291016,32.400001525878906,32.529998779296875,22.494232177734375,4471000
2015-05-11,32.400001525878906,32.529998779296875,32.130001068115234,32.380001068115234,22.390504837036133,4593500
2015-05-12,32.2400016784668,32.33000183105469,31.829999923706055,31.950000762939453,22.09316635131836,3089500
2015-05-13,32.13999938964844,32.36000061035156,31.989999771118164,32.029998779296875,22.14847755432129,3405000
2015-05-14,32.20000076293945,32.66999816894531,32.11000061035156,32.529998779296875,22.494232177734375,3338900
2015-05-15,32.619998931884766,32.63999938964844,32.2599983215332,32.34000015258789,22.36284828186035,2645600
2015-05-18,32.31999969482422,32.369998931884766,32.0,32.06999969482422,22.1761474609375,2797300
2015-05-19,32.0,32.72999954223633,31.969999313354492,32.65999984741211,22.58411979675293,4361300
2015-05-20,32.7400016784668,32.90999984741211,32.59000015258789,32.66999816894531,22.59103775024414,3048800
2015-05-21,32.59000015258789,32.709999084472656,32.439998626708984,32.58000183105469,22.5288028717041,2693800
2015-05-22,32.47999954223633,32.869998931884766,32.36000061035156,32.72999954223633,22.632530212402344,3912600
2015-05-26,32.599998474121094,33.029998779296875,32.40999984741211,32.959999084472656,22.79157257080078,5942400
2015-05-27,33.02000045776367,33.060001373291016,32.7400016784668,33.0,22.819229125976562,4648600
2015-05-28,33.0099983215332,33.060001373291016,32.650001525878906,32.959999084472656,22.79157257080078,3565200
2015-05-29,32.939998626708984,32.97999954223633,32.5,32.560001373291016,22.514976501464844,3434500
2015-06-01,32.59000015258789,32.79999923706055,32.380001068115234,32.5,22.473485946655273,3383700
2015-06-02,32.52000045776367,32.619998931884766,32.27000045776367,32.41999816894531,22.418169021606445,3605300
2015-06-03,32.16999816894531,32.16999816894531,31.850000381469727,31.850000381469727,22.222797393798828,3623700
2015-06-04,31.790000915527344,31.920000076293945,31.639999389648438,31.690000534057617,22.111162185668945,12328500
2015-06-05,31.479999542236328,31.889999389648438,31.43000030517578,31.459999084472656,21.950685501098633,3567500
2015-06-08,31.479999542236328,31.829999923706055,31.440000534057617,31.510000228881836,21.98557472229004,2341000
2015-06-09,31.5,31.6299991607666,31.209999084472656,31.239999771118164,21.797183990478516,2477800
2015-06-10,31.3799991607666,32.0099983215332,31.3799991607666,31.799999237060547,22.187915802001953,3188900
2015-06-11,31.920000076293945,32.25,31.8700008392334,32.16999816894531,22.446075439453125,3342300
2015-06-12,32.130001068115234,32.36000061035156,32.0099983215332,32.060001373291016,22.36932945251465,1987400
2015-06-15,31.950000762939453,32.2400016784668,31.889999389648438,32.040000915527344,22.355371475219727,3111400
2015-06-16,32.099998474121094,33.099998474121094,32.099998474121094,32.959999084472656,22.997283935546875,6784000
2015-06-17,32.970001220703125,33.04999923706055,32.52000045776367,32.66999816894531,22.794939041137695,6050500
2015-06-18,32.81999969482422,33.04999923706055,32.689998626708984,32.709999084472656,22.822853088378906,5711300
2015-06-19,32.70000076293945,32.72999954223633,32.45000076293945,32.56999969482422,22.725168228149414,4804600
2015-06-22,32.68000030517578,32.790000915527344,32.439998626708984,32.56999969482422,22.725168228149414,2491500
2015-06-23,32.529998779296875,32.56999969482422,32.20000076293945,32.310001373291016,22.543758392333984,2124600
2015-06-24,32.310001373291016,32.540000915527344,32.18000030517578,32.25,22.501895904541016,2636800
2015-06-25,32.29999923706055,32.40999984741211,31.84000015258789,31.860000610351562,22.229778289794922,2614900
2015-06-26,31.860000610351562,32.290000915527344,31.760000228881836,32.06999969482422,22.376304626464844,3134100
2015-06-29,31.969999313354492,32.11000061035156,31.5,31.530000686645508,21.99952507019043,2221700
2015-06-30,31.68000030517578,31.829999923706055,31.459999084472656,31.5,21.978593826293945,3079800
2015-07-01,31.530000686645508,32.029998779296875,31.350000381469727,32.0,22.32746124267578,2618900
2015-07-02,32.150001525878906,32.34000015258789,31.780000686645508,31.84000015258789,22.2158260345459,2279300
2015-07-06,31.600000381469727,31.889999389648438,31.600000381469727,31.729999542236328,22.139070510864258,2423700
2015-07-07,31.809999465942383,32.15999984741211,31.6200008392334,32.060001373291016,22.36932945251465,2992200
2015-07-08,31.889999389648438,31.979999542236328,31.440000534057617,31.559999465942383,22.020458221435547,2281200
2015-07-09,31.760000228881836,31.860000610351562,31.25,31.260000228881836,21.811141967773438,2457000
2015-07-10,31.459999084472656,31.600000381469727,31.239999771118164,31.290000915527344,21.832067489624023,2355000
2015-07-13,31.450000762939453,31.690000534057617,31.290000915527344,31.649999618530273,22.083250045776367,3541400
2015-07-14,31.6200008392334,31.670000076293945,31.239999771118164,31.260000228881836,21.811141967773438,3056100
2015-07-15,31.219999313354492,31.389999389648438,31.030000686645508,31.209999084472656,21.7762508392334,2484600
2015-07-16,30.770000457763672,31.260000228881836,30.739999771118164,30.959999084472656,21.60181427001953,4294300
2015-07-17,30.959999084472656,30.959999084472656,30.329999923706055,30.479999542236328,21.266910552978516,4894400
2015-07-20,30.440000534057617,30.65999984741211,30.350000381469727,30.540000915527344,21.30876922607422,2290300
2015-07-21,30.5,30.6200008392334,30.1200008392334,30.260000228881836,21.113405227661133,2957300
2015-07-22,30.25,30.540000915527344,30.1200008392334,30.18000030517578,21.057588577270508,2011500
2015-07-23,30.139999389648438,30.15999984741211,29.8700008392334,30.030000686645508,20.95292854309082,3029400
2015-07-24,29.979999542236328,30.049999237060547,29.760000228881836,29.770000457763672,20.771514892578125,1680200
2015-07-27,29.709999084472656,30.049999237060547,29.6299991607666,29.989999771118164,20.925020217895508,5260400
2015-07-28,30.100000381469727,30.18000030517578,29.90999984741211,30.049999237060547,20.966880798339844,4155400
2015-07-29,30.030000686645508,30.459999084472656,29.950000762939453,30.299999237060547,21.14130973815918,2814500
2015-07-30,30.139999389648438,30.520000457763672,30.040000915527344,30.459999084472656,21.252952575683594,3261300
2015-07-31,30.6299991607666,31.3700008392334,30.6299991607666,30.690000534057617,21.413436889648438,3197200
2015-08-03,30.670000076293945,30.860000610351562,30.479999542236328,30.81999969482422,21.504133224487305,2666600
2015-08-04,30.81999969482422,31.09000015258789,30.799999237060547,31.06999969482422,21.678571701049805,3483500
2015-08-05,31.09000015258789,31.299999237060547,30.790000915527344,30.790000915527344,21.483203887939453,3032600
2015-08-06,30.780000686645508,30.8799991607666,30.459999084472656,30.65999984741211,21.392498016357422,2754200
2015-08-07,30.610000610351562,31.09000015258789,30.489999771118164,31.059999465942383,21.67159652709961,2949200
2015-08-10,31.219999313354492,31.34000015258789,30.93000030517578,31.059999465942383,21.67159652709961,3509700
2015-08-11,30.969999313354492,31.030000686645508,30.760000228881836,30.809999465942383,21.497156143188477,3317100
2015-08-12,30.649999618530273,30.969999313354492,30.350000381469727,30.950000762939453,21.5948429107666,3431500
2015-08-13,30.829999923706055,31.15999984741211,30.690000534057617,30.989999771118164,21.622753143310547,5021300
2015-08-14,31.010000228881836,31.209999084472656,30.700000762939453,31.190000534057617,21.76229476928711,3993900
2015-08-17,31.139999389648438,31.219999313354492,30.90999984741211,31.079999923706055,21.685543060302734,2881000
2015-08-18,31.040000915527344,31.209999084472656,30.860000610351562,31.149999618530273,21.73438835144043,2474500
2015-08-19,31.020000457763672,31.190000534057617,30.84000015258789,30.90999984741211,21.566932678222656,2576700
2015-08-20,30.739999771118164,30.829999923706055,30.530000686645508,30.579999923706055,21.336685180664062,3013700
2015-08-21,30.440000534057617,30.530000686645508,29.959999084472656,29.969999313354492,20.91106414794922,4436300
2015-08-24,29.260000228881836,29.420000076293945,28.030000686645508,28.170000076293945,19.655139923095703,9553000
2015-08-25,28.65999984741211,29.049999237060547,26.8799991607666,26.899999618530273,18.76902198791504,7857000
2015-08-26,27.489999771118164,27.56999969482422,26.84000015258789,27.479999542236328,19.173707962036133,10312500
2015-08-27,27.700000762939453,28.229999542236328,27.40999984741211,28.0,19.536527633666992,4386000
2015-08-28,28.049999237060547,28.40999984741211,27.75,28.239999771118164,19.7039852142334,3658500
2015-08-31,28.18000030517578,28.260000228881836,27.8700008392334,27.940000534057617,19.494665145874023,3873700
2015-09-01,27.489999771118164,27.889999389648438,27.309999465942383,27.59000015258789,19.250455856323242,5185800
2015-09-02,27.93000030517578,27.950000762939453,27.540000915527344,27.81999969482422,19.41093635559082,3333900
2015-09-03,27.90999984741211,28.09000015258789,27.799999237060547,27.899999618530273,19.466751098632812,3450200
2015-09-04,27.59000015258789,27.65999984741211,27.200000762939453,27.3700008392334,19.096954345703125,3076900
2015-09-08,27.770000457763672,27.770000457763672,27.350000381469727,27.649999618530273,19.29232406616211,3443500
2015-09-09,27.65999984741211,27.75,26.8799991607666,26.90999984741211,18.9888973236084,3760000
2015-09-10,26.959999084472656,27.489999771118164,26.90999984741211,27.290000915527344,19.25704002380371,4777500
2015-09-11,27.200000762939453,27.3700008392334,26.8799991607666,27.31999969482422,19.27820587158203,4272900
2015-09-14,27.3700008392334,27.389999389648438,27.059999465942383,27.18000030517578,19.17942237854004,3021700
2015-09-15,27.440000534057617,27.6299991607666,27.010000228881836,27.3700008392334,19.313493728637695,3355000
2015-09-16,27.3700008392334,28.56999969482422,27.3700008392334,28.450000762939453,20.075590133666992,7176900
2015-09-17,28.43000030517578,29.149999618530273,28.3799991607666,28.6200008392334,20.19554901123047,5041300
2015-09-18,28.299999237060547,28.65999984741211,28.139999389648438,28.260000228881836,19.941511154174805,5816300
2015-09-21,28.309999465942383,28.420000076293945,28.0,28.25,19.93446159362793,3907200
2015-09-22,28.040000915527344,28.09000015258789,27.610000610351562,27.700000762939453,19.546354293823242,2683700
2015-09-23,27.700000762939453,27.739999771118164,27.309999465942383,27.59000015258789,19.468734741210938,2631400
2015-09-24,27.420000076293945,27.450000762939453,27.040000915527344,27.25,19.22881317138672,2832300
2015-09-25,27.389999389648438,27.5,27.059999465942383,27.200000762939453,19.193531036376953,3157400
2015-09-28,27.110000610351562,27.190000534057617,26.760000228881836,26.8700008392334,18.960668563842773,3079600
2015-09-29,26.850000381469727,27.219999313354492,26.81999969482422,27.059999465942383,19.094738006591797,3053000
2015-09-30,27.290000915527344,27.40999984741211,27.110000610351562,27.34000015258789,19.292322158813477,2837500
2015-10-01,27.6200008392334,27.6200008392334,26.75,27.0,19.052404403686523,3270800
2015-10-02,26.84000015258789,27.459999084472656,26.729999542236328,27.450000762939453,19.369937896728516,2846400
2015-10-05,27.530000686645508,27.979999542236328,27.5,27.969999313354492,19.736873626708984,3286600
2015-10-06,27.959999084472656,28.010000228881836,27.770000457763672,27.829999923706055,19.638086318969727,2650400
2015-10-07,27.920000076293945,28.239999771118164,27.920000076293945,28.149999618530273,19.863895416259766,3132300
2015-10-08,28.1299991607666,28.600000381469727,28.079999923706055,28.549999237060547,20.14615821838379,2719800
2015-10-09,28.739999771118164,28.8799991607666,28.450000762939453,28.850000381469727,20.357847213745117,3782900
2015-10-12,28.770000457763672,29.040000915527344,28.6200008392334,28.75,20.28728675842285,2786400
2015-10-13,28.549999237060547,29.1200008392334,28.540000915527344,28.8799991607666,20.379013061523438,3022500
2015-10-14,28.8799991607666,29.1299991607666,28.729999542236328,28.770000457763672,20.301395416259766,2251300
2015-10-15,28.8799991607666,29.0,28.530000686645508,28.940000534057617,20.421350479125977,3144100
2015-10-16,29.079999923706055,29.469999313354492,29.040000915527344,29.420000076293945,20.76006317138672,4781800
2015-10-19,29.34000015258789,29.489999771118164,29.09000015258789,29.25,20.640106201171875,2233400
2015-10-20,29.200000762939453,29.34000015258789,28.989999771118164,29.139999389648438,20.562480926513672,2336100
2015-10-21,29.200000762939453,29.31999969482422,28.979999542236328,29.219999313354492,20.618934631347656,2304000
2015-10-22,29.440000534057617,30.06999969482422,29.329999923706055,30.010000228881836,21.176393508911133,3499800
2015-10-23,30.09000015258789,30.309999465942383,29.770000457763672,30.030000686645508,21.190505981445312,3597300
2015-10-26,30.059999465942383,30.079999923706055,29.18000030517578,29.280000686645508,20.661272048950195,3290800
2015-10-27,29.1200008392334,29.260000228881836,28.799999237060547,29.030000686645508,20.484861373901367,3459500
2015-10-28,28.770000457763672,29.31999969482422,28.739999771118164,29.280000686645508,20.88429069519043,4450000
2015-10-29,29.110000610351562,29.31999969482422,28.829999923706055,29.170000076293945,20.80582618713379,4078300
2015-10-30,29.170000076293945,29.65999984741211,29.06999969482422,29.329999923706055,20.919952392578125,3846300
2015-11-02,29.790000915527344,30.770000457763672,29.440000534057617,30.75,21.93277931213379,6585500
2015-11-03,30.610000610351562,31.489999771118164,30.5,31.059999465942383,22.15389633178711,6502100
2015-11-04,31.1299991607666,31.170000076293945,30.799999237060547,30.920000076293945,22.054039001464844,4064100
2015-11-05,30.920000076293945,31.239999771118164,30.760000228881836,31.079999923706055,22.16815757751465,3259600
2015-11-06,30.729999542236328,30.90999984741211,30.329999923706055,30.399999618530273,21.683135986328125,4238500
2015-11-09,28.760000228881836,29.8700008392334,28.719999313354492,29.5,21.041208267211914,17175600
2015-11-10,29.440000534057617,29.549999237060547,29.190000534057617,29.239999771118164,20.855751037597656,7685600
2015-11-11,29.25,29.950000762939453,29.100000381469727,29.809999465942383,21.262317657470703,8244700
2015-11-12,29.719999313354492,29.75,29.389999389648438,29.389999389648438,20.96274757385254,5182900
2015-11-13,29.600000381469727,29.700000762939453,29.1200008392334,29.25,20.86289405822754,5870100
2015-11-16,29.25,30.239999771118164,29.239999771118164,30.139999389648438,21.497692108154297,7608600
2015-11-17,30.139999389648438,31.1200008392334,30.0,30.75,21.93277931213379,8472200
2015-11-18,30.850000381469727,31.940000534057617,30.260000228881836,31.93000030517578,22.774423599243164,8781600
2015-11-19,32.0,32.099998474121094,31.719999313354492,31.93000030517578,22.774423599243164,5244700
2015-11-20,32.220001220703125,32.290000915527344,31.979999542236328,32.189998626708984,22.959875106811523,4954400
2015-11-23,32.150001525878906,32.29999923706055,31.81999969482422,31.959999084472656,22.795820236206055,3426900
2015-11-24,31.780000686645508,32.189998626708984,31.579999923706055,32.16999816894531,22.945615768432617,3384800
2015-11-25,32.150001525878906,32.33000183105469,32.04999923706055,32.279998779296875,23.024070739746094,3254400
2015-11-27,32.279998779296875,32.54999923706055,32.2400016784668,32.369998931884766,23.088268280029297,1858500
2015-11-30,32.33000183105469,32.5,32.09000015258789,32.16999816894531,22.945615768432617,5049800
2015-12-01,32.369998931884766,32.720001220703125,32.0,32.13999938964844,22.924209594726562,7141000
2015-12-02,32.099998474121094,32.189998626708984,31.700000762939453,31.760000228881836,22.65317153930664,2887300
2015-12-03,31.75,31.81999969482422,31.209999084472656,31.459999084472656,22.439191818237305,3700200
2015-12-04,31.59000015258789,32.150001525878906,31.459999084472656,32.04999923706055,22.860021591186523,4881400
2015-12-07,31.950000762939453,31.979999542236328,31.56999969482422,31.770000457763672,22.66030502319336,3182300
2015-12-08,31.579999923706055,31.770000457763672,31.43000030517578,31.549999237060547,22.503381729125977,2168000
2015-12-09,31.450000762939453,31.790000915527344,31.100000381469727,31.190000534057617,22.24661636352539,3791500
2015-12-10,31.209999084472656,31.280000686645508,30.81999969482422,30.93000030517578,22.061166763305664,3188200
2015-12-11,30.639999389648438,30.920000076293945,30.329999923706055,30.479999542236328,21.740203857421875,3145900
2015-12-14,30.399999618530273,30.610000610351562,29.850000381469727,30.010000228881836,21.40496253967285,4741500
2015-12-15,30.219999313354492,30.309999465942383,29.920000076293945,30.100000381469727,21.469161987304688,4199600
2015-12-16,30.239999771118164,30.940000534057617,30.06999969482422,30.8700008392334,22.018373489379883,3822800
2015-12-17,30.860000610351562,31.010000228881836,30.389999389648438,30.639999389648438,21.854326248168945,3945700
2015-12-18,30.3799991607666,30.389999389648438,29.510000228881836,29.510000228881836,21.048336029052734,7028600
2015-12-21,29.68000030517578,29.809999465942383,29.270000457763672,29.690000534057617,21.176725387573242,3958300
2015-12-22,29.8700008392334,30.31999969482422,29.649999618530273,30.149999618530273,21.504825592041016,2981300
2015-12-23,30.270000457763672,30.68000030517578,30.190000534057617,30.6200008392334,21.84006118774414,3872300
2015-12-24,30.579999923706055,30.8700008392334,30.479999542236328,30.719999313354492,21.911380767822266,1470100
2015-12-28,30.639999389648438,30.68000030517578,30.34000015258789,30.56999969482422,21.80439567565918,2360400
2015-12-29,30.829999923706055,30.93000030517578,30.479999542236328,30.610000610351562,21.832923889160156,2261400
2015-12-30,30.600000381469727,30.719999313354492,30.31999969482422,30.34000015258789,21.64034080505371,1998300
2015-12-31,30.329999923706055,30.34000015258789,29.84000015258789,29.979999542236328,21.38357162475586,2302900
2016-01-04,29.510000228881836,29.860000610351562,29.440000534057617,29.829999923706055,21.276582717895508,3556800
2016-01-05,29.940000534057617,30.030000686645508,29.6299991607666,29.899999618530273,21.326507568359375,2722800
2016-01-06,29.6299991607666,29.639999389648438,29.1200008392334,29.239999771118164,20.855751037597656,4843200
2016-01-07,28.920000076293945,28.950000762939453,28.100000381469727,28.15999984741211,20.085433959960938,4917400
2016-01-08,28.229999542236328,28.399999618530273,27.84000015258789,27.899999618530273,19.89998435974121,5022600
2016-01-11,27.979999542236328,28.139999389648438,27.510000228881836,27.610000610351562,19.693143844604492,5552500
2016-01-12,27.93000030517578,27.940000534057617,26.700000762939453,27.020000457763672,19.272314071655273,8042200
2016-01-13,27.1200008392334,27.65999984741211,26.709999084472656,26.75,19.07973861694336,5326900
2016-01-14,26.889999389648438,26.959999084472656,26.3700008392334,26.40999984741211,18.837228775024414,5583800
2016-01-15,25.920000076293945,26.170000076293945,25.530000686645508,25.81999969482422,18.416400909423828,5296800
2016-01-19,26.229999542236328,26.25,25.280000686645508,25.469999313354492,18.16675567626953,6689400
2016-01-20,25.229999542236328,25.299999237060547,23.729999542236328,24.600000381469727,17.54622459411621,10461800
2016-01-21,24.700000762939453,25.459999084472656,24.510000228881836,25.0,17.831523895263672,5425600
2016-01-22,25.360000610351562,25.6299991607666,24.989999771118164,25.420000076293945,18.131099700927734,4667100
2016-01-25,25.299999237060547,25.3799991607666,24.450000762939453,24.510000228881836,17.482032775878906,3745800
2016-01-26,24.670000076293945,24.969999313354492,24.5,24.75,17.653215408325195,4763200
2016-01-27,24.719999313354492,24.90999984741211,24.34000015258789,24.520000457763672,17.489158630371094,6402500
2016-01-28,24.729999542236328,24.90999984741211,24.260000228881836,24.420000076293945,17.4178409576416,7185900
2016-01-29,24.670000076293945,25.6200008392334,24.6200008392334,25.610000610351562,18.26661491394043,10958800
2016-02-01,25.440000534057617,26.219999313354492,25.149999618530273,26.09000015258789,18.608989715576172,7992600
2016-02-02,25.920000076293945,25.920000076293945,25.309999465942383,25.329999923706055,18.066904067993164,4895600
2016-02-03,25.479999542236328,25.670000076293945,24.760000228881836,25.459999084472656,18.159631729125977,4905300
2016-02-04,25.389999389648438,26.040000915527344,25.3799991607666,25.739999771118164,18.35934066772461,6348900
2016-02-05,25.600000381469727,25.639999389648438,23.899999618530273,23.989999771118164,17.111143112182617,8204100
2016-02-08,23.860000610351562,23.8799991607666,22.93000030517578,23.399999618530273,16.690309524536133,7657500
2016-02-09,23.170000076293945,23.520000457763672,22.670000076293945,23.079999923706055,16.462068557739258,6016500
2016-02-10,23.290000915527344,23.489999771118164,22.6200008392334,22.68000030517578,16.17676544189453,4817300
2016-02-11,22.350000381469727,22.530000686645508,22.059999465942383,22.219999313354492,15.848658561706543,8462800
2016-02-12,22.5,22.75,22.350000381469727,22.600000381469727,16.11969757080078,6614300
2016-02-16,22.969999313354492,24.0,22.860000610351562,23.770000457763672,16.95421600341797,7093100
2016-02-17,23.850000381469727,24.440000534057617,23.739999771118164,24.18000030517578,17.24665641784668,8967900
2016-02-18,24.18000030517578,24.260000228881836,23.530000686645508,23.84000015258789,17.004146575927734,7295700
2016-02-19,23.739999771118164,23.739999771118164,22.65999984741211,22.8700008392334,16.312288284301758,23395800
2016-02-22,23.190000534057617,23.670000076293945,23.110000610351562,23.579999923706055,16.818695068359375,14405600
2016-02-23,23.56999969482422,24.59000015258789,23.290000915527344,24.25,17.296579360961914,11825100
2016-02-24,24.0,25.3700008392334,24.0,25.0,17.831523895263672,13042500
2016-02-25,25.1299991607666,25.440000534057617,24.700000762939453,25.360000610351562,18.08830451965332,7486600
2016-02-26,25.469999313354492,26.0,25.25,25.59000015258789,18.252355575561523,8375800
2016-02-29,25.579999923706055,26.43000030517578,25.5,25.979999542236328,18.5305233001709,12182400
2016-03-01,26.1299991607666,26.75,26.09000015258789,26.649999618530273,19.00841522216797,7432200
2016-03-02,26.540000915527344,27.09000015258789,26.5,27.06999969482422,19.307981491088867,6339500
2016-03-03,27.309999465942383,27.389999389648438,27.020000457763672,27.260000228881836,19.443500518798828,6718300
2016-03-04,26.920000076293945,27.90999984741211,26.860000610351562,27.440000534057617,19.797021865844727,7081000
2016-03-07,27.329999923706055,27.719999313354492,27.270000457763672,27.6299991607666,19.934097290039062,7183300
2016-03-08,27.510000228881836,27.829999923706055,27.469999313354492,27.489999771118164,19.83308982849121,7071500
2016-03-09,27.719999313354492,27.81999969482422,27.469999313354492,27.56999969482422,19.89080810546875,4901400
2016-03-10,27.649999618530273,28.100000381469727,27.549999237060547,28.059999465942383,20.244325637817383,6375800
2016-03-11,28.31999969482422,28.799999237060547,28.299999237060547,28.719999313354492,20.720487594604492,7007500
2016-03-14,28.530000686645508,29.229999542236328,28.530000686645508,29.079999923706055,20.980215072631836,7060600
2016-03-15,28.84000015258789,29.3799991607666,28.68000030517578,29.329999923706055,21.16059112548828,7129200
2016-03-16,29.170000076293945,29.6200008392334,29.049999237060547,29.450000762939453,21.24716567993164,6349100
2016-03-17,29.489999771118164,30.489999771118164,29.43000030517578,30.079999923706055,21.701683044433594,9911700
2016-03-18,30.139999389648438,30.329999923706055,29.860000610351562,30.09000015258789,21.708904266357422,8054500
2016-03-21,30.06999969482422,30.549999237060547,30.010000228881836,30.270000457763672,21.838769912719727,5294500
2016-03-22,30.020000457763672,30.81999969482422,30.020000457763672,30.59000015258789,22.06963539123535,5008100
2016-03-23,30.5,30.719999313354492,30.239999771118164,30.239999771118164,21.817121505737305,4343900
2016-03-24,30.139999389648438,30.389999389648438,29.829999923706055,30.34000015258789,21.88926887512207,4490400
2016-03-28,30.420000076293945,30.809999465942383,30.25,30.6200008392334,22.091276168823242,4932900
2016-03-29,30.56999969482422,31.15999984741211,30.360000610351562,31.030000686645508,22.3870792388916,5222300
2016-03-30,31.200000762939453,31.3799991607666,30.93000030517578,31.049999237060547,22.401508331298828,4702800
2016-03-31,31.0,31.329999923706055,30.81999969482422,30.979999542236328,22.35100555419922,6844100
2016-04-01,30.81999969482422,31.290000915527344,30.709999084472656,31.149999618530273,22.473655700683594,6153100
2016-04-04,31.110000610351562,31.450000762939453,30.950000762939453,31.190000534057617,22.50251579284668,5358900
2016-04-05,30.8700008392334,31.059999465942383,30.709999084472656,30.780000686645508,22.206710815429688,5740800
2016-04-06,30.780000686645508,30.989999771118164,30.209999084472656,30.790000915527344,22.21392822265625,6111600
2016-04-07,30.6200008392334,31.030000686645508,30.559999465942383,30.790000915527344,22.21392822265625,4433200
2016-04-08,30.75,31.399999618530273,30.75,31.239999771118164,22.538589477539062,4987800
2016-04-11,31.299999237060547,31.700000762939453,31.239999771118164,31.309999465942383,22.589088439941406,5226400
2016-04-12,31.290000915527344,31.729999542236328,31.170000076293945,31.450000762939453,22.69009017944336,4822600
2016-04-13,31.43000030517578,31.920000076293945,31.3700008392334,31.770000457763672,22.92096519470215,4767500
2016-04-14,31.799999237060547,31.8799991607666,31.5,31.709999084472656,22.877674102783203,3231500
2016-04-15,31.65999984741211,31.809999465942383,31.56999969482422,31.729999542236328,22.892105102539062,3845300
2016-04-18,31.549999237060547,32.0,31.520000457763672,31.989999771118164,23.079683303833008,3373700
2016-04-19,32.0,32.20000076293945,31.68000030517578,31.979999542236328,23.072471618652344,4779000
2016-04-20,32.029998779296875,32.16999816894531,31.920000076293945,31.920000076293945,23.02918243408203,5731500
2016-04-21,31.889999389648438,32.16999816894531,31.75,31.829999923706055,22.96424674987793,5055000
2016-04-22,31.920000076293945,32.36000061035156,31.8700008392334,32.2599983215332,23.27448081970215,2988400
2016-04-25,32.189998626708984,32.36000061035156,31.8799991607666,31.889999389648438,23.007539749145508,4416800
2016-04-26,31.959999084472656,32.290000915527344,31.93000030517578,32.2400016784668,23.260051727294922,3195000
2016-04-27,32.33000183105469,32.47999954223633,32.02000045776367,32.31999969482422,23.317771911621094,2716700
2016-04-28,32.560001373291016,32.560001373291016,31.899999618530273,32.02000045776367,23.101327896118164,4322400
2016-04-29,31.940000534057617,32.189998626708984,31.850000381469727,32.119998931884766,23.173477172851562,3953000
2016-05-02,32.2599983215332,32.439998626708984,32.0099983215332,32.279998779296875,23.288911819458008,4380000
2016-05-03,31.760000228881836,31.829999923706055,31.34000015258789,31.56999969482422,22.776676177978516,6345800
2016-05-04,31.399999618530273,31.670000076293945,31.309999465942383,31.440000534057617,22.682886123657227,5208900
2016-05-05,31.489999771118164,31.899999618530273,31.3799991607666,31.540000915527344,22.755029678344727,5295100
2016-05-06,31.350000381469727,31.84000015258789,30.540000915527344,31.610000610351562,22.80552864074707,5390500
2016-05-09,31.260000228881836,31.43000030517578,30.670000076293945,30.950000762939453,22.32936668395996,13724400
2016-05-10,31.139999389648438,31.219999313354492,30.790000915527344,31.09000015258789,22.430368423461914,4568200
2016-05-11,31.010000228881836,31.309999465942383,30.829999923706055,30.989999771118164,22.35821533203125,4331600
2016-05-12,31.1299991607666,31.3799991607666,31.020000457763672,31.229999542236328,22.531370162963867,3476600
2016-05-13,31.139999389648438,31.489999771118164,30.809999465942383,30.860000610351562,22.264432907104492,4332500
2016-05-16,30.739999771118164,31.170000076293945,30.739999771118164,30.969999313354492,22.343788146972656,4127800
2016-05-17,30.93000030517578,31.09000015258789,30.520000457763672,30.690000534057617,22.141780853271484,4398800
2016-05-18,30.639999389648438,30.979999542236328,30.219999313354492,30.459999084472656,21.975847244262695,4760500
2016-05-19,30.25,30.3799991607666,29.989999771118164,30.309999465942383,21.86762046813965,5258200
2016-05-20,30.350000381469727,30.6299991607666,30.270000457763672,30.420000076293945,21.946983337402344,9257100
2016-05-23,30.549999237060547,31.059999465942383,30.420000076293945,30.8700008392334,22.271642684936523,3477200
2016-05-24,30.90999984741211,31.270000457763672,30.850000381469727,31.1299991607666,22.459224700927734,4196600
2016-05-25,31.200000762939453,31.639999389648438,31.200000762939453,31.450000762939453,22.69009017944336,3404100
2016-05-26,31.459999084472656,31.549999237060547,31.190000534057617,31.25,22.545799255371094,3306300
2016-05-27,31.25,31.649999618530273,31.200000762939453,31.479999542236328,22.711740493774414,2887500
2016-05-31,31.559999465942383,31.719999313354492,31.3799991607666,31.5,22.72616958618164,6074300
2016-06-01,31.350000381469727,31.510000228881836,31.1299991607666,31.31999969482422,22.59630584716797,3096300
2016-06-02,31.270000457763672,31.3700008392334,31.1299991607666,31.329999923706055,22.603519439697266,3071100
2016-06-03,31.350000381469727,31.6200008392334,31.040000915527344,31.1200008392334,22.452014923095703,3489400
2016-06-06,31.139999389648438,31.3799991607666,31.059999465942383,31.139999389648438,22.466440200805664,3913200
2016-06-07,31.219999313354492,31.31999969482422,31.09000015258789,31.190000534057617,22.50251579284668,3539900
2016-06-08,30.93000030517578,31.139999389648438,30.799999237060547,30.8700008392334,22.495229721069336,2957200
2016-06-09,30.780000686645508,30.780000686645508,30.010000228881836,30.3700008392334,22.130870819091797,5041400
2016-06-10,30.18000030517578,30.65999984741211,30.040000915527344,30.59000015258789,22.29119110107422,5058300
2016-06-13,30.579999923706055,30.709999084472656,29.700000762939453,29.709999084472656,21.649925231933594,5515500
2016-06-14,29.690000534057617,29.700000762939453,28.579999923706055,28.75,20.950368881225586,9539500
2016-06-15,28.760000228881836,29.010000228881836,28.59000015258789,28.700000762939453,20.913930892944336,4852500
2016-06-16,28.540000915527344,28.75,28.079999923706055,28.719999313354492,20.928495407104492,4949200
2016-06-17,28.690000534057617,28.860000610351562,28.5,28.690000534057617,20.90664291381836,7402400
2016-06-20,29.1200008392334,29.25,28.8700008392334,29.020000457763672,21.147117614746094,5637200
2016-06-21,29.15999984741211,29.25,28.540000915527344,28.579999923706055,20.82648277282715,5776300
2016-06-22,28.670000076293945,28.889999389648438,28.299999237060547,28.6200008392334,20.855632781982422,7174300
2016-06-23,28.920000076293945,29.520000457763672,28.75,29.520000457763672,21.5114688873291,6694500
2016-06-24,28.770000457763672,28.940000534057617,27.719999313354492,27.729999542236328,20.207080841064453,13021600
2016-06-27,27.479999542236328,27.520000457763672,26.549999237060547,26.770000457763672,19.507522583007812,9586400
2016-06-28,27.100000381469727,27.8799991607666,26.969999313354492,27.8799991607666,20.316387176513672,8608000
2016-06-29,28.510000228881836,29.40999984741211,28.510000228881836,29.229999542236328,21.30014419555664,7549100
2016-06-30,29.31999969482422,30.030000686645508,29.260000228881836,29.770000457763672,21.693647384643555,12056700
2016-07-01,29.649999618530273,30.190000534057617,29.649999618530273,30.1200008392334,21.948698043823242,4555300
2016-07-05,29.889999389648438,30.059999465942383,29.540000915527344,29.700000762939453,21.642635345458984,12197600
2016-07-06,29.520000457763672,30.149999618530273,29.520000457763672,30.1200008392334,21.948698043823242,4701500
2016-07-07,30.09000015258789,30.43000030517578,29.989999771118164,30.139999389648438,21.963268280029297,4601500
2016-07-08,30.40999984741211,30.889999389648438,30.34000015258789,30.670000076293945,22.3494815826416,5302700
2016-07-11,30.729999542236328,31.3799991607666,30.65999984741211,31.239999771118164,22.764846801757812,7476100
2016-07-12,31.5,32.099998474121094,31.420000076293945,31.850000381469727,23.209360122680664,5935000
2016-07-13,31.940000534057617,32.09000015258789,31.690000534057617,31.969999313354492,23.296798706054688,3668900
2016-07-14,32.13999938964844,32.2599983215332,31.959999084472656,32.040000915527344,23.347814559936523,3646100
2016-07-15,32.08000183105469,32.25,31.979999542236328,32.029998779296875,23.340532302856445,3843700
2016-07-18,31.979999542236328,32.29999923706055,31.959999084472656,32.2400016784668,23.493558883666992,2910300
2016-07-19,32.040000915527344,32.220001220703125,31.899999618530273,31.979999542236328,23.304092407226562,2839300
2016-07-20,32.04999923706055,32.349998474121094,31.899999618530273,32.29999923706055,23.537277221679688,3106000
2016-07-21,32.29999923706055,32.47999954223633,32.20000076293945,32.290000915527344,23.52998924255371,2478600
2016-07-22,32.31999969482422,32.5,32.16999816894531,32.43000030517578,23.632009506225586,2396700
2016-07-25,32.349998474121094,32.599998474121094,32.29999923706055,32.4900016784668,23.67573356628418,3615800
2016-07-26,32.5,32.91999816894531,32.41999816894531,32.90999984741211,23.981792449951172,3779400
2016-07-27,32.97999954223633,33.06999969482422,32.470001220703125,32.58000183105469,23.741323471069336,3782700
2016-07-28,32.45000076293945,32.59000015258789,32.119998931884766,32.369998931884766,23.588289260864258,5266300
2016-07-29,32.2400016784668,32.77000045776367,32.2400016784668,32.720001220703125,23.843332290649414,4072500
2016-08-01,32.720001220703125,32.77000045776367,32.58000183105469,32.75,23.865198135375977,2813700
2016-08-02,32.7400016784668,32.83000183105469,32.36000061035156,32.439998626708984,23.639293670654297,3335000
2016-08-03,32.349998474121094,32.560001373291016,31.8799991607666,32.369998931884766,23.588289260864258,3177400
2016-08-04,32.33000183105469,32.72999954223633,32.16999816894531,32.650001525878906,23.79233169555664,3288300
2016-08-05,32.5,33.16999816894531,32.130001068115234,32.880001068115234,23.95992660522461,4317400
2016-08-08,32.7400016784668,33.0099983215332,32.36000061035156,32.369998931884766,23.588289260864258,3272500
2016-08-09,32.33000183105469,32.52000045776367,32.25,32.33000183105469,23.55914306640625,2221200
2016-08-10,32.33000183105469,32.7400016784668,32.33000183105469,32.720001220703125,23.843332290649414,2565200
2016-08-11,32.869998931884766,32.90999984741211,32.400001525878906,32.470001220703125,23.66115951538086,2903200
2016-08-12,32.13999938964844,32.189998626708984,31.65999984741211,31.860000610351562,23.21664810180664,3875000
2016-08-15,31.90999984741211,32.15999984741211,31.8700008392334,31.899999618530273,23.24579620361328,2539000
2016-08-16,31.860000610351562,31.989999771118164,31.5,31.5,22.95431137084961,2968200
2016-08-17,31.540000915527344,31.709999084472656,31.420000076293945,31.68000030517578,23.08547592163086,3102000
2016-08-18,31.729999542236328,31.75,31.190000534057617,31.40999984741211,22.88873291015625,2986400
2016-08-19,31.25,31.290000915527344,30.8799991607666,31.18000030517578,22.72112274169922,3688500
2016-08-22,31.1200008392334,31.229999542236328,30.790000915527344,31.219999313354492,22.75027084350586,2370400
2016-08-23,31.479999542236328,31.780000686645508,31.3799991607666,31.540000915527344,22.983457565307617,2975300
2016-08-24,31.5,31.520000457763672,31.030000686645508,31.139999389648438,22.69197654724121,2292400
2016-08-25,31.079999923706055,31.649999618530273,31.079999923706055,31.540000915527344,22.983457565307617,3297000
2016-08-26,31.639999389648438,31.969999313354492,30.93000030517578,31.100000381469727,22.662830352783203,3321200
2016-08-29,31.399999618530273,31.719999313354492,31.239999771118164,31.639999389648438,23.05633544921875,3401500
2016-08-30,31.65999984741211,31.899999618530273,31.559999465942383,31.84000015258789,23.20207405090332,2610000
2016-08-31,31.790000915527344,31.920000076293945,31.559999465942383,31.850000381469727,23.209360122680664,4403300
2016-09-01,31.81999969482422,32.02000045776367,31.469999313354492,31.8700008392334,23.22393035888672,2783900
2016-09-02,32.099998474121094,32.2400016784668,31.729999542236328,31.850000381469727,23.209360122680664,2196200
2016-09-06,32.540000915527344,32.540000915527344,31.760000228881836,32.16999816894531,23.44254493713379,3069300
2016-09-07,32.209999084472656,32.209999084472656,31.579999923706055,31.790000915527344,23.391042709350586,2226300
2016-09-08,31.6299991607666,31.920000076293945,31.59000015258789,31.790000915527344,23.391042709350586,5924500
2016-09-09,31.399999618530273,31.399999618530273,30.290000915527344,30.309999465942383,22.302053451538086,5570300
2016-09-12,30.149999618530273,31.1200008392334,30.049999237060547,30.969999313354492,22.787683486938477,4205400
2016-09-13,30.670000076293945,30.729999542236328,29.8799991607666,30.0,22.073959350585938,3855900
2016-09-14,29.950000762939453,30.110000610351562,29.719999313354492,29.829999923706055,21.948871612548828,3839000
2016-09-15,29.809999465942383,30.299999237060547,29.65999984741211,30.139999389648438,22.176973342895508,2465500
2016-09-16,29.940000534057617,30.149999618530273,29.790000915527344,29.90999984741211,22.007740020751953,5521400
2016-09-19,30.110000610351562,30.309999465942383,29.93000030517578,30.1299991607666,22.169612884521484,2689700
2016-09-20,30.450000762939453,30.510000228881836,29.959999084472656,29.959999084472656,22.04452896118164,2081300
2016-09-21,30.040000915527344,30.399999618530273,29.729999542236328,30.34000015258789,22.32413101196289,2949000
2016-09-22,31.190000534057617,32.150001525878906,31.110000610351562,32.08000183105469,23.604421615600586,7948300
2016-09-23,31.6200008392334,32.31999969482422,31.610000610351562,32.18000030517578,23.678003311157227,4392900
2016-09-26,31.959999084472656,32.20000076293945,31.6200008392334,31.639999389648438,23.28067398071289,2476200
2016-09-27,31.690000534057617,31.90999984741211,31.469999313354492,31.729999542236328,23.346887588500977,2584200
2016-09-28,31.979999542236328,32.59000015258789,31.93000030517578,32.38999938964844,23.832521438598633,3979000
2016-09-29,32.34000015258789,32.459999084472656,31.81999969482422,31.860000610351562,23.442550659179688,3027600
2016-09-30,32.16999816894531,32.369998931884766,31.860000610351562,31.940000534057617,23.50140953063965,3920200
2016-10-03,32.0,32.029998779296875,31.65999984741211,31.799999237060547,23.398401260375977,2998600
2016-10-04,31.780000686645508,31.790000915527344,30.8700008392334,31.030000686645508,22.831836700439453,3604000
2016-10-05,31.190000534057617,31.3799991607666,30.579999923706055,30.639999389648438,22.54487419128418,3842300
2016-10-06,30.510000228881836,31.3700008392334,30.420000076293945,31.100000381469727,22.883342742919922,3766400
2016-10-07,31.209999084472656,31.56999969482422,30.729999542236328,31.0,22.809764862060547,3138400
2016-10-10,31.1200008392334,31.479999542236328,31.010000228881836,31.059999465942383,22.853910446166992,2033900
2016-10-11,30.959999084472656,31.170000076293945,30.520000457763672,30.760000228881836,22.63317108154297,2549300
2016-10-12,30.829999923706055,31.440000534057617,30.690000534057617,31.34000015258789,23.059932708740234,2546000
2016-10-13,31.100000381469727,31.440000534057617,30.8799991607666,31.200000762939453,22.95691680908203,2649600
2016-10-14,31.360000610351562,31.520000457763672,31.100000381469727,31.3799991607666,23.089365005493164,3746500
2016-10-17,31.469999313354492,31.790000915527344,31.469999313354492,31.610000610351562,23.258596420288086,2927500
2016-10-18,31.979999542236328,32.060001373291016,31.649999618530273,31.700000762939453,23.3248233795166,2699200
2016-10-19,31.8700008392334,32.09000015258789,31.690000534057617,31.90999984741211,23.47933578491211,1789800
2016-10-20,31.829999923706055,31.850000381469727,31.389999389648438,31.5,23.177658081054688,2797800
2016-10-21,31.15999984741211,31.479999542236328,31.020000457763672,31.290000915527344,23.02314567565918,2331800
2016-10-24,31.610000610351562,31.639999389648438,30.8799991607666,31.1200008392334,22.89805793762207,4230600
2016-10-25,31.139999389648438,31.5,30.93000030517578,31.149999618530273,22.920127868652344,3880100
2016-10-26,30.600000381469727,30.639999389648438,30.229999542236328,30.260000228881836,22.489070892333984,3029600
2016-10-27,30.399999618530273,30.489999771118164,29.989999771118164,30.459999084472656,22.637712478637695,4558400
2016-10-28,30.479999542236328,30.969999313354492,29.829999923706055,29.989999771118164,22.288415908813477,5754600
2016-10-31,29.979999542236328,30.1299991607666,29.760000228881836,29.93000030517578,22.243816375732422,4974100
2016-11-01,29.940000534057617,30.0,29.100000381469727,29.360000610351562,21.820199966430664,4857400
2016-11-02,29.350000381469727,29.43000030517578,28.799999237060547,28.799999237060547,21.40401268005371,4453000
2016-11-03,28.8799991607666,29.139999389648438,28.579999923706055,28.639999389648438,21.28510093688965,3219400
2016-11-04,28.709999084472656,29.100000381469727,28.600000381469727,28.649999618530273,21.292531967163086,3630100
2016-11-07,29.139999389648438,29.290000915527344,29.059999465942383,29.290000915527344,21.768178939819336,3027600
2016-11-08,29.280000686645508,29.469999313354492,29.170000076293945,29.3799991607666,21.835063934326172,2496200
2016-11-09,28.81999969482422,29.81999969482422,28.700000762939453,29.690000534057617,22.065458297729492,4856500
2016-11-10,30.020000457763672,30.020000457763672,29.15999984741211,29.170000076293945,21.678993225097656,6090900
2016-11-11,29.149999618530273,29.440000534057617,28.6200008392334,28.700000762939453,21.32969093322754,5274600
2016-11-14,28.84000015258789,29.760000228881836,28.75,29.709999084472656,22.080320358276367,4502100
2016-11-15,29.969999313354492,30.309999465942383,29.8799991607666,30.299999237060547,22.5188045501709,3238500
2016-11-16,30.299999237060547,30.510000228881836,30.059999465942383,30.139999389648438,22.399890899658203,3551600
2016-11-17,30.219999313354492,30.360000610351562,29.90999984741211,30.049999237060547,22.333003997802734,4259400
2016-11-18,30.049999237060547,31.190000534057617,29.969999313354492,31.1299991607666,23.135650634765625,6732300
2016-11-21,31.280000686645508,31.68000030517578,31.219999313354492,31.639999389648438,23.514684677124023,5352800
2016-11-22,31.729999542236328,32.18000030517578,31.549999237060547,32.130001068115234,23.878849029541016,4951500
2016-11-23,31.93000030517578,31.989999771118164,31.43000030517578,31.809999465942383,23.641023635864258,3569100
2016-11-25,31.8799991607666,32.27000045776367,31.850000381469727,32.0,23.7822322845459,1687500
2016-11-28,31.90999984741211,32.060001373291016,31.1200008392334,31.219999313354492,23.20254135131836,5652400
2016-11-29,31.219999313354492,31.399999618530273,30.829999923706055,31.15999984741211,23.15795135498047,3811100
2016-11-30,31.1200008392334,31.15999984741211,30.68000030517578,30.829999923706055,22.91269874572754,5953700
2016-12-01,30.829999923706055,31.139999389648438,30.579999923706055,30.610000610351562,22.749191284179688,2959100
2016-12-02,30.780000686645508,31.190000534057617,30.760000228881836,31.049999237060547,23.076202392578125,2819700
2016-12-05,31.299999237060547,31.739999771118164,31.229999542236328,31.719999313354492,23.574140548706055,2970600
2016-12-06,31.75,31.889999389648438,31.43000030517578,31.850000381469727,23.67075538635254,3399000
2016-12-07,31.93000030517578,32.95000076293945,31.829999923706055,32.93000030517578,24.473405838012695,5722100
2016-12-08,32.900001525878906,33.06999969482422,32.720001220703125,32.779998779296875,24.361928939819336,3008700
2016-12-09,32.779998779296875,32.970001220703125,32.529998779296875,32.720001220703125,24.31733512878418,2763800
2016-12-12,32.75,33.119998931884766,32.66999816894531,33.119998931884766,24.614612579345703,4517700
2016-12-13,33.25,33.279998779296875,32.0099983215332,32.06999969482422,23.834259033203125,5505900
2016-12-14,31.719999313354492,32.04999923706055,31.229999542236328,31.329999923706055,23.2842960357666,5224800
2016-12-15,31.09000015258789,31.09000015258789,30.329999923706055,30.610000610351562,22.749191284179688,5637900
2016-12-16,30.75,30.979999542236328,30.3799991607666,30.719999313354492,22.83094596862793,7114500
2016-12-19,30.889999389648438,31.020000457763672,30.219999313354492,30.469999313354492,22.645143508911133,3365300
2016-12-20,30.530000686645508,31.059999465942383,30.43000030517578,30.690000534057617,22.808643341064453,5014500
2016-12-21,30.799999237060547,31.0,30.780000686645508,30.81999969482422,22.90526580810547,3725900
2016-12-22,30.790000915527344,30.790000915527344,30.020000457763672,30.6200008392334,22.756622314453125,3572800
2016-12-23,30.579999923706055,30.700000762939453,30.3799991607666,30.56999969482422,22.719467163085938,2036400
2016-12-27,30.670000076293945,30.670000076293945,30.290000915527344,30.43000030517578,22.615419387817383,2248500
2016-12-28,30.510000228881836,30.549999237060547,29.809999465942383,29.889999389648438,22.214096069335938,2953200
2016-12-29,29.989999771118164,30.479999542236328,29.889999389648438,30.350000381469727,22.55596160888672,2666700
2016-12-30,30.450000762939453,30.450000762939453,29.950000762939453,30.09000015258789,22.362728118896484,2835800
2017-01-03,30.229999542236328,30.549999237060547,30.110000610351562,30.360000610351562,22.563398361206055,2650200
2017-01-04,30.489999771118164,30.8799991607666,30.389999389648438,30.6299991607666,22.764055252075195,3678500
2017-01-05,30.489999771118164,30.989999771118164,30.459999084472656,30.950000762939453,23.001882553100586,3548000
2017-01-06,30.889999389648438,31.049999237060547,30.670000076293945,30.850000381469727,22.927562713623047,2679300
2017-01-09,31.100000381469727,31.5,30.8700008392334,30.969999313354492,23.01674461364746,4017600
2017-01-10,30.959999084472656,31.09000015258789,30.59000015258789,30.729999542236328,22.838376998901367,3687200
2017-01-11,30.739999771118164,31.040000915527344,30.530000686645508,30.959999084472656,23.009313583374023,2322900
2017-01-12,30.780000686645508,30.790000915527344,30.40999984741211,30.56999969482422,22.719467163085938,3958700
2017-01-13,30.520000457763672,30.81999969482422,30.510000228881836,30.639999389648438,22.77149200439453,3611000
2017-01-17,30.649999618530273,30.84000015258789,30.459999084472656,30.600000381469727,22.741758346557617,2118200
2017-01-18,30.579999923706055,30.780000686645508,30.440000534057617,30.5,22.66744613647461,2613500
2017-01-19,30.56999969482422,30.719999313354492,30.049999237060547,30.209999084472656,22.451915740966797,4006500
2017-01-20,30.270000457763672,30.450000762939453,29.8799991607666,30.229999542236328,22.466781616210938,6518900
2017-01-23,30.239999771118164,30.600000381469727,30.170000076293945,30.43000030517578,22.615419387817383,3615900
2017-01-24,30.579999923706055,31.139999389648438,30.549999237060547,31.1299991607666,23.135650634765625,5071900
2017-01-25,31.34000015258789,32.310001373291016,31.34000015258789,32.189998626708984,23.923439025878906,6386900
2017-01-26,32.08000183105469,32.27000045776367,31.709999084472656,31.799999237060547,23.633594512939453,9356800
2017-01-27,31.799999237060547,31.850000381469727,31.079999923706055,31.239999771118164,23.2174129486084,4277900
2017-01-30,31.1299991607666,31.25,30.860000610351562,31.15999984741211,23.15795135498047,3849400
2017-01-31,31.200000762939453,31.510000228881836,31.059999465942383,31.329999923706055,23.2842960357666,4425300
2017-02-01,31.329999923706055,31.489999771118164,30.75,31.110000610351562,23.12079429626465,3624600
2017-02-02,30.979999542236328,31.5,30.790000915527344,31.440000534057617,23.366046905517578,5669400
2017-02-03,31.06999969482422,32.22999954223633,30.940000534057617,32.11000061035156,23.863985061645508,5458900
2017-02-06,31.84000015258789,32.04999923706055,31.030000686645508,31.420000076293945,23.35118293762207,5825100
2017-02-07,31.559999465942383,32.16999816894531,31.299999237060547,32.04999923706055,23.819395065307617,5699400
2017-02-08,32.13999938964844,32.709999084472656,32.099998474121094,32.40999984741211,24.08694839477539,5467700
2017-02-09,32.41999816894531,33.16999816894531,32.400001525878906,33.16999816894531,24.65177345275879,7199100
2017-02-10,33.09000015258789,33.31999969482422,32.86000061035156,33.15999984741211,24.64434051513672,4083900
2017-02-13,33.22999954223633,34.0,33.150001525878906,33.790000915527344,25.112548828125,7372400
2017-02-14,33.52000045776367,33.56999969482422,32.970001220703125,33.290000915527344,24.740951538085938,4172600
2017-02-15,33.29999923706055,33.70000076293945,32.97999954223633,33.65999984741211,25.01593780517578,4667900
2017-02-16,33.709999084472656,33.779998779296875,33.349998474121094,33.52000045776367,24.91189193725586,3402200
2017-02-17,33.470001220703125,33.619998931884766,33.34000015258789,33.52000045776367,24.91189193725586,2754700
2017-02-21,33.5099983215332,34.099998474121094,33.439998626708984,33.97999954223633,25.253765106201172,3641100
2017-02-22,33.95000076293945,34.0,33.52000045776367,33.7599983215332,25.090255737304688,2360300
2017-02-23,33.880001068115234,33.939998626708984,33.560001373291016,33.65999984741211,25.01593780517578,3555100
2017-02-24,33.529998779296875,33.72999954223633,33.2599983215332,33.470001220703125,24.874736785888672,4561500
2017-02-27,33.630001068115234,34.099998474121094,33.459999084472656,33.939998626708984,25.22402572631836,3649200
2017-02-28,33.619998931884766,34.060001373291016,33.58000183105469,33.720001220703125,25.06052589416504,3792500
2017-03-01,33.65999984741211,34.189998626708984,33.4900016784668,34.06999969482422,25.55559730529785,4320500
2017-03-02,34.06999969482422,34.369998931884766,33.83000183105469,34.189998626708984,25.645601272583008,4477500
2017-03-03,34.060001373291016,34.20000076293945,33.70000076293945,34.13999938964844,25.608097076416016,3239200
2017-03-06,33.939998626708984,34.02000045776367,33.470001220703125,33.720001220703125,25.293060302734375,3228800
2017-03-07,33.599998474121094,33.689998626708984,33.349998474121094,33.470001220703125,25.10553741455078,2418100
2017-03-08,33.439998626708984,33.83000183105469,33.38999938964844,33.599998474121094,25.20304298400879,2979400
2017-03-09,33.5099983215332,33.900001525878906,33.15999984741211,33.220001220703125,24.918018341064453,3916700
2017-03-10,33.220001220703125,33.66999816894531,33.220001220703125,33.279998779296875,24.963016510009766,2767200
2017-03-13,33.33000183105469,33.540000915527344,33.15999984741211,33.34000015258789,25.008020401000977,2119100
2017-03-14,33.25,33.34000015258789,32.95000076293945,33.310001373291016,24.98552131652832,2210600
2017-03-15,33.5,34.0,33.150001525878906,33.880001068115234,25.413070678710938,4321500
2017-03-16,33.81999969482422,34.0,33.68000030517578,33.7400016784668,25.308059692382812,3073200
2017-03-17,33.86000061035156,33.91999816894531,33.18000030517578,33.20000076293945,24.903013229370117,5014500
2017-03-20,33.2599983215332,33.52000045776367,32.869998931884766,33.380001068115234,25.038026809692383,3719000
2017-03-21,33.560001373291016,33.619998931884766,33.02000045776367,33.08000183105469,24.813007354736328,4433100
2017-03-22,33.08000183105469,33.380001068115234,32.7400016784668,33.15999984741211,24.873010635375977,3507600
2017-03-23,33.150001525878906,33.70000076293945,33.0,33.470001220703125,25.10553741455078,3467000
2017-03-24,33.43000030517578,33.59000015258789,32.91999816894531,33.130001068115234,24.850509643554688,3401500
2017-03-27,32.95000076293945,33.560001373291016,32.83000183105469,33.5099983215332,25.13553810119629,4018300
2017-03-28,33.33000183105469,33.790000915527344,33.279998779296875,33.630001068115234,25.225549697875977,2450000
2017-03-29,33.54999923706055,33.619998931884766,33.29999923706055,33.529998779296875,25.150535583496094,1932500
2017-03-30,33.470001220703125,33.91999816894531,33.369998931884766,33.88999938964844,25.420574188232422,2309700
2017-03-31,33.75,34.22999954223633,33.59000015258789,33.97999954223633,25.488082885742188,3408400
2017-04-03,34.0,34.20000076293945,33.38999938964844,33.709999084472656,25.285560607910156,3730400
2017-04-04,33.61000061035156,33.97999954223633,33.5,33.959999084472656,25.473081588745117,2527200
2017-04-05,34.04999923706055,34.400001525878906,33.90999984741211,33.970001220703125,25.4805850982666,3024600
2017-04-06,33.95000076293945,34.52000045776367,33.7400016784668,34.40999984741211,25.810619354248047,3155800
2017-04-07,34.41999816894531,34.95000076293945,34.31999969482422,34.86000061035156,26.14815902709961,4725900
2017-04-10,34.869998931884766,35.18000030517578,34.70000076293945,34.72999954223633,26.050649642944336,3854000
2017-04-11,34.7599983215332,34.7599983215332,34.119998931884766,34.63999938964844,25.983137130737305,5591800
2017-04-12,34.400001525878906,34.72999954223633,34.310001373291016,34.58000183105469,25.938138961791992,3235300
2017-04-13,34.619998931884766,34.790000915527344,34.40999984741211,34.43000030517578,25.82562255859375,2780700
2017-04-17,34.43000030517578,34.97999954223633,34.43000030517578,34.959999084472656,26.223173141479492,2882900
2017-04-18,34.779998779296875,35.0099983215332,34.66999816894531,34.7599983215332,26.073152542114258,2657600
2017-04-19,34.880001068115234,35.04999923706055,34.119998931884766,34.4900016784668,25.870628356933594,5359600
2017-04-20,34.56999969482422,34.86000061035156,34.529998779296875,34.779998779296875,26.088157653808594,4268800
2017-04-21,34.75,34.77000045776367,34.41999816894531,34.560001373291016,25.923133850097656,4338800
2017-04-24,35.0,35.0,34.470001220703125,34.88999938964844,26.1706600189209,5779400
2017-04-25,34.86000061035156,34.86000061035156,33.86000061035156,34.0,25.503080368041992,7561600
2017-04-26,33.939998626708984,34.58000183105469,33.939998626708984,34.2599983215332,25.698102951049805,8544700
2017-04-27,34.2599983215332,34.91999816894531,34.2599983215332,34.66999816894531,26.00564193725586,4671100
2017-04-28,35.459999084472656,35.5,33.75,33.869998931884766,25.405576705932617,6756500
2017-05-01,33.75,33.869998931884766,33.349998474121094,33.58000183105469,25.188047409057617,4346800
2017-05-02,33.56999969482422,33.7400016784668,33.400001525878906,33.70000076293945,25.278057098388672,7617000
2017-05-03,33.72999954223633,33.849998474121094,33.15999984741211,33.2599983215332,24.948017120361328,4535500
2017-05-04,33.2599983215332,33.2599983215332,32.83000183105469,33.099998474121094,24.8280029296875,3556200
2017-05-05,33.099998474121094,33.56999969482422,33.0,33.54999923706055,25.16554069519043,2219600
2017-05-08,33.58000183105469,33.66999816894531,33.2599983215332,33.34000015258789,25.008020401000977,2593700
2017-05-09,33.38999938964844,33.439998626708984,33.119998931884766,33.209999084472656,24.91051483154297,2288500
2017-05-10,33.20000076293945,33.459999084472656,33.13999938964844,33.209999084472656,24.91051483154297,2273600
2017-05-11,33.06999969482422,33.130001068115234,32.709999084472656,32.970001220703125,24.73049545288086,2280100
2017-05-12,32.959999084472656,32.970001220703125,32.77000045776367,32.869998931884766,24.65548324584961,1743000
2017-05-15,32.91999816894531,33.29999923706055,32.88999938964844,33.099998474121094,24.8280029296875,1646600
2017-05-16,33.22999954223633,33.22999954223633,32.790000915527344,33.119998931884766,24.843002319335938,1786800
2017-05-17,32.869998931884766,33.20000076293945,32.7400016784668,32.7599983215332,24.572973251342773,2637200
2017-05-18,32.779998779296875,32.779998779296875,32.459999084472656,32.70000076293945,24.527969360351562,2639100
2017-05-19,32.7599983215332,33.31999969482422,32.56999969482422,33.02000045776367,24.767993927001953,2925700
2017-05-22,33.02000045776367,33.220001220703125,32.900001525878906,33.130001068115234,24.850509643554688,2019100
2017-05-23,33.2400016784668,33.279998779296875,33.02000045776367,33.06999969482422,24.80550193786621,1977400
2017-05-24,33.150001525878906,33.279998779296875,33.029998779296875,33.18000030517578,24.88800811767578,3617500
2017-05-25,33.209999084472656,33.40999984741211,33.060001373291016,33.16999816894531,24.880508422851562,2147900
2017-05-26,33.150001525878906,33.189998626708984,32.91999816894531,33.0099983215332,24.760498046875,1962900
2017-05-30,32.86000061035156,33.40999984741211,32.86000061035156,33.13999938964844,24.858009338378906,4450100
2017-05-31,33.130001068115234,33.150001525878906,32.939998626708984,32.959999084472656,24.722990036010742,4857500
2017-06-01,33.06999969482422,33.52000045776367,32.83000183105469,33.5099983215332,25.13553810119629,3381400
2017-06-02,33.58000183105469,33.72999954223633,33.349998474121094,33.5099983215332,25.13553810119629,2980500
2017-06-05,33.560001373291016,33.560001373291016,33.15999984741211,33.380001068115234,25.038026809692383,2814300
2017-06-06,33.290000915527344,33.529998779296875,33.13999938964844,33.40999984741211,25.060527801513672,2236300
2017-06-07,33.20000076293945,33.279998779296875,32.88999938964844,33.02000045776367,24.999963760375977,2355200
2017-06-08,33.02000045776367,33.02000045776367,32.279998779296875,32.59000015258789,24.674396514892578,4354800
2017-06-09,32.599998474121094,33.2400016784668,32.56999969482422,33.22999954223633,25.158958435058594,4544800
2017-06-12,33.22999954223633,33.849998474121094,33.13999938964844,33.599998474121094,25.439085006713867,3615000
2017-06-13,33.599998474121094,33.939998626708984,33.5,33.810001373291016,25.598085403442383,2802200
2017-06-14,33.86000061035156,33.97999954223633,33.599998474121094,33.77000045776367,25.567798614501953,1926400
2017-06-15,33.599998474121094,33.9900016784668,33.58000183105469,33.599998474121094,25.439085006713867,2719700
2017-06-16,33.7400016784668,33.88999938964844,33.54999923706055,33.65999984741211,25.484512329101562,3771800
2017-06-19,33.79999923706055,34.130001068115234,33.75,34.040000915527344,25.7722225189209,1985700
2017-06-20,34.0,34.09000015258789,33.790000915527344,33.959999084472656,25.71164894104004,1958900
2017-06-21,34.0,34.04999923706055,33.630001068115234,33.7599983215332,25.560226440429688,2718800
2017-06-22,33.779998779296875,34.06999969482422,33.52000045776367,33.939998626708984,25.696500778198242,1886200
2017-06-23,34.0,34.29999923706055,33.90999984741211,34.13999938964844,25.847930908203125,5325900
2017-06-26,34.2400016784668,34.2400016784668,33.619998931884766,33.630001068115234,25.461803436279297,3298400
2017-06-27,33.68000030517578,33.7400016784668,32.83000183105469,32.849998474121094,24.871246337890625,3806500
2017-06-28,33.02000045776367,33.27000045776367,32.77000045776367,33.20000076293945,25.13624382019043,1652300
2017-06-29,33.2400016784668,33.40999984741211,33.029998779296875,33.06999969482422,25.03782081604004,3038600
2017-06-30,33.20000076293945,33.630001068115234,33.04999923706055,33.5,25.363380432128906,3210500
2017-07-03,33.630001068115234,33.90999984741211,33.56999969482422,33.689998626708984,25.50722885131836,1514000
2017-07-05,33.4900016784668,33.52000045776367,32.97999954223633,33.209999084472656,25.143815994262695,2581300
2017-07-06,33.04999923706055,33.099998474121094,32.029998779296875,32.060001373291016,24.27313232421875,12248800
2017-07-07,32.029998779296875,32.279998779296875,31.90999984741211,32.0099983215332,24.235275268554688,3123700
2017-07-10,31.829999923706055,32.33000183105469,31.799999237060547,32.220001220703125,24.394271850585938,3885800
2017-07-11,32.25,32.56999969482422,32.209999084472656,32.5099983215332,24.613832473754883,4173700
2017-07-12,32.61000061035156,33.029998779296875,32.61000061035156,32.93000030517578,24.931819915771484,3744000
2017-07-13,32.9900016784668,33.04999923706055,32.58000183105469,32.720001220703125,24.772825241088867,2681100
2017-07-14,32.720001220703125,33.22999954223633,32.65999984741211,33.150001525878906,25.098386764526367,2290400
2017-07-17,33.209999084472656,33.45000076293945,33.029998779296875,33.400001525878906,25.287668228149414,1776900
2017-07-18,33.31999969482422,33.439998626708984,33.02000045776367,33.08000183105469,25.045385360717773,2017500
2017-07-19,33.189998626708984,33.849998474121094,33.189998626708984,33.81999969482422,25.605655670166016,2274100
2017-07-20,33.880001068115234,34.34000015258789,33.84000015258789,34.0,25.74193000793457,3669400
2017-07-21,33.939998626708984,34.459999084472656,33.90999984741211,34.43000030517578,26.067495346069336,2871700
2017-07-24,34.43000030517578,34.45000076293945,34.060001373291016,34.130001068115234,25.84035873413086,2797600
2017-07-25,34.2599983215332,34.2599983215332,33.869998931884766,34.119998931884766,25.832782745361328,2503600
2017-07-26,34.13999938964844,34.22999954223633,33.83000183105469,33.91999816894531,25.681364059448242,2672700
2017-07-27,33.90999984741211,34.349998474121094,33.63999938964844,34.22999954223633,25.916074752807617,4104500
2017-07-28,34.2599983215332,34.2599983215332,32.849998474121094,32.939998626708984,24.93939208984375,4462400
2017-07-31,32.79999923706055,33.04999923706055,32.689998626708984,33.02000045776367,24.999963760375977,7513900
2017-08-01,33.08000183105469,33.290000915527344,32.93000030517578,33.220001220703125,25.151384353637695,3247700
2017-08-02,33.130001068115234,33.25,32.25,32.369998931884766,24.50783920288086,3138900
2017-08-03,32.31999969482422,32.939998626708984,32.2599983215332,32.86000061035156,24.87881851196289,2745500
2017-08-04,32.900001525878906,32.95000076293945,32.66999816894531,32.779998779296875,24.818252563476562,1894400
2017-08-07,32.790000915527344,32.81999969482422,32.560001373291016,32.720001220703125,24.772825241088867,1515900
2017-08-08,32.630001068115234,32.720001220703125,32.349998474121094,32.459999084472656,24.575979232788086,1870200
2017-08-09,32.40999984741211,32.619998931884766,32.209999084472656,32.43000030517578,24.553264617919922,1691000
2017-08-10,32.36000061035156,32.40999984741211,32.060001373291016,32.119998931884766,24.31855583190918,1933600
2017-08-11,32.06999969482422,32.36000061035156,32.0,32.220001220703125,24.394271850585938,2027600
2017-08-14,32.15999984741211,32.5099983215332,32.08000183105469,32.2400016784668,24.409406661987305,3042900
2017-08-15,32.27000045776367,32.33000183105469,31.729999542236328,31.940000534057617,24.18227767944336,2388900
2017-08-16,32.099998474121094,32.22999954223633,31.8700008392334,31.90999984741211,24.159563064575195,2007300
2017-08-17,31.8799991607666,32.029998779296875,31.270000457763672,31.280000686645508,23.682580947875977,3254000
2017-08-18,31.190000534057617,31.389999389648438,30.950000762939453,31.170000076293945,23.59929656982422,2798100
2017-08-21,31.219999313354492,31.520000457763672,31.15999984741211,31.479999542236328,23.834001541137695,2167800
2017-08-22,31.5,31.770000457763672,31.290000915527344,31.3799991607666,23.758289337158203,2174600
2017-08-23,31.270000457763672,31.5,31.200000762939453,31.360000610351562,23.74315071105957,1384100
2017-08-24,31.389999389648438,31.989999771118164,31.290000915527344,31.3799991607666,23.758289337158203,1533400
2017-08-25,31.559999465942383,31.979999542236328,31.510000228881836,31.700000762939453,24.00057029724121,2943600
2017-08-28,31.790000915527344,31.889999389648438,31.540000915527344,31.770000457763672,24.05356788635254,1968300
2017-08-29,31.75,32.0,31.489999771118164,31.520000457763672,23.864288330078125,3129300
2017-08-30,31.489999771118164,31.780000686645508,31.350000381469727,31.75,24.038415908813477,2417400
2017-08-31,32.040000915527344,32.720001220703125,31.899999618530273,32.61000061035156,24.68954086303711,4681800
2017-09-01,32.70000076293945,32.70000076293945,32.029998779296875,32.06999969482422,24.280696868896484,2568100
2017-09-05,32.11000061035156,32.45000076293945,31.829999923706055,32.29999923706055,24.454837799072266,3276800
2017-09-06,32.630001068115234,33.38999938964844,32.52000045776367,33.22999954223633,25.158958435058594,5037500
2017-09-07,33.130001068115234,33.40999984741211,33.08000183105469,33.150001525878906,25.334732055664062,3429400
2017-09-08,33.189998626708984,33.72999954223633,33.130001068115234,33.58000183105469,25.663360595703125,4372400
2017-09-11,33.84000015258789,33.86000061035156,33.02000045776367,33.33000183105469,25.472293853759766,3575700
2017-09-12,33.400001525878906,33.400001525878906,32.72999954223633,33.2400016784668,25.403514862060547,2915300
2017-09-13,33.220001220703125,33.33000183105469,32.970001220703125,33.099998474121094,25.296512603759766,8490800
2017-09-14,33.040000915527344,33.20000076293945,32.90999984741211,33.060001373291016,25.265945434570312,1938200
2017-09-15,33.040000915527344,33.11000061035156,32.849998474121094,32.9900016784668,25.212453842163086,4022400
2017-09-18,32.93000030517578,33.439998626708984,32.93000030517578,33.369998931884766,25.502866744995117,3764400
2017-09-19,33.38999938964844,33.45000076293945,33.18000030517578,33.279998779296875,25.434078216552734,2810800
2017-09-20,33.43000030517578,33.70000076293945,33.31999969482422,33.400001525878906,25.52579689025879,2355300
2017-09-21,33.38999938964844,33.599998474121094,33.04999923706055,33.41999816894531,25.54107093811035,3213200
2017-09-22,33.43000030517578,33.650001525878906,33.279998779296875,33.58000183105469,25.663360595703125,2535100
2017-09-25,33.56999969482422,33.88999938964844,33.5099983215332,33.810001373291016,25.839136123657227,2662900
2017-09-26,33.79999923706055,33.880001068115234,33.66999816894531,33.720001220703125,25.77035140991211,2486500
2017-09-27,33.720001220703125,33.83000183105469,33.41999816894531,33.79999923706055,25.83148956298828,2103900
2017-09-28,33.720001220703125,34.04999923706055,33.619998931884766,34.0099983215332,25.99198341369629,1614900
2017-09-29,34.0,34.20000076293945,33.869998931884766,34.029998779296875,26.007266998291016,2804700
2017-10-02,34.060001373291016,34.279998779296875,33.9900016784668,34.119998931884766,26.0760440826416,1951200
2017-10-03,34.11000061035156,34.29999923706055,34.04999923706055,34.119998931884766,26.0760440826416,1446700
2017-10-04,34.06999969482422,34.34000015258789,34.06999969482422,34.31999969482422,26.228900909423828,1302700
2017-10-05,34.34000015258789,34.4900016784668,34.119998931884766,34.220001220703125,26.15247344970703,2688800
2017-10-06,34.099998474121094,34.20000076293945,33.91999816894531,34.20000076293945,26.137191772460938,1700000
2017-10-09,34.15999984741211,34.290000915527344,33.93000030517578,34.119998931884766,26.0760440826416,1627800
2017-10-10,34.189998626708984,34.43000030517578,34.08000183105469,34.31999969482422,26.228900909423828,2044100
2017-10-11,34.349998474121094,34.4900016784668,34.290000915527344,34.38999938964844,26.282398223876953,1699700
2017-10-12,34.31999969482422,34.650001525878906,34.13999938964844,34.59000015258789,26.435243606567383,1901200
2017-10-13,34.65999984741211,35.0,34.4900016784668,34.900001525878906,26.672163009643555,2423700
2017-10-16,34.869998931884766,35.16999816894531,34.7400016784668,35.02000045776367,26.763872146606445,3119500
2017-10-17,34.95000076293945,35.060001373291016,34.81999969482422,35.029998779296875,26.771512985229492,1649500
2017-10-18,35.029998779296875,35.380001068115234,34.9900016784668,35.22999954223633,26.924362182617188,2933400
2017-10-19,35.150001525878906,35.2599983215332,34.900001525878906,35.18000030517578,26.886150360107422,2490400
2017-10-20,35.290000915527344,35.470001220703125,35.150001525878906,35.279998779296875,26.962575912475586,2216200
2017-10-23,35.400001525878906,35.47999954223633,34.81999969482422,34.81999969482422,26.611024856567383,2690400
2017-10-24,34.91999816894531,35.0,34.689998626708984,34.869998931884766,26.649229049682617,2548500
2017-10-25,34.7400016784668,34.810001373291016,34.45000076293945,34.68000030517578,26.5040283203125,2256900
2017-10-26,34.849998474121094,35.119998931884766,34.72999954223633,34.880001068115234,26.656879425048828,3212800
2017-10-27,34.779998779296875,35.88999938964844,34.7599983215332,35.5099983215332,27.13833999633789,4281700
2017-10-30,35.61000061035156,35.689998626708984,35.380001068115234,35.61000061035156,27.21477699279785,2956200
2017-10-31,35.630001068115234,36.0,35.529998779296875,35.90999984741211,27.444046020507812,3378300
2017-11-01,36.0,36.29999923706055,35.689998626708984,35.810001373291016,27.36762046813965,3465400
2017-11-02,35.939998626708984,36.29999923706055,35.5,35.61000061035156,27.21477699279785,4953500
2017-11-03,35.459999084472656,35.86000061035156,35.310001373291016,35.709999084472656,27.29119873046875,2431400
2017-11-06,35.66999816894531,35.77000045776367,35.4900016784668,35.65999984741211,27.252994537353516,2209800
2017-11-07,35.689998626708984,35.9900016784668,35.650001525878906,35.9900016784668,27.505191802978516,2294000
2017-11-08,35.939998626708984,36.47999954223633,35.90999984741211,36.40999984741211,27.82616424560547,4025900
2017-11-09,36.27000045776367,36.34000015258789,35.93000030517578,36.27000045776367,27.71917724609375,1885900
2017-11-10,36.20000076293945,36.47999954223633,36.09000015258789,36.13999938964844,27.619821548461914,3026400
2017-11-13,36.119998931884766,36.470001220703125,35.900001525878906,35.959999084472656,27.482257843017578,2375800
2017-11-14,35.75,36.25,35.54999923706055,36.20000076293945,27.665681838989258,2370100
2017-11-15,36.04999923706055,36.68000030517578,35.90999984741211,36.54999923706055,27.933162689208984,4002400
2017-11-16,36.63999938964844,36.91999816894531,36.349998474121094,36.54999923706055,27.933162689208984,2930500
2017-11-17,36.349998474121094,36.619998931884766,36.279998779296875,36.279998779296875,27.72681999206543,2399500
2017-11-20,36.34000015258789,36.52000045776367,36.09000015258789,36.11000061035156,27.596900939941406,2673200
2017-11-21,36.20000076293945,36.27000045776367,36.0,36.11000061035156,27.596900939941406,2825100
2017-11-22,36.11000061035156,36.29999923706055,36.08000183105469,36.189998626708984,27.658035278320312,1269400
2017-11-24,36.2400016784668,36.5,36.11000061035156,36.16999816894531,27.64274787902832,709600
2017-11-27,36.290000915527344,36.310001373291016,35.4900016784668,35.529998779296875,27.153635025024414,3625900
2017-11-28,35.77000045776367,36.060001373291016,35.65999984741211,35.68000030517578,27.268274307250977,2429800
2017-11-29,35.63999938964844,35.68000030517578,35.209999084472656,35.369998931884766,27.031349182128906,2818400
2017-11-30,35.2599983215332,35.7400016784668,35.0099983215332,35.380001068115234,27.285858154296875,3921500
2017-12-01,35.54999923706055,35.56999969482422,34.810001373291016,35.400001525878906,27.30128288269043,2805600
2017-12-04,35.630001068115234,35.7599983215332,34.959999084472656,35.130001068115234,27.09305191040039,3899600
2017-12-05,35.189998626708984,35.439998626708984,35.04999923706055,35.189998626708984,27.13932991027832,1876800
2017-12-06,35.2400016784668,35.38999938964844,35.040000915527344,35.2400016784668,27.177888870239258,2235100
2017-12-07,35.25,35.650001525878906,35.18000030517578,35.619998931884766,27.470956802368164,1787600
2017-12-08,35.709999084472656,35.75,35.34000015258789,35.43000030517578,27.32441520690918,2270900
2017-12-11,35.369998931884766,35.47999954223633,35.04999923706055,35.439998626708984,27.33213233947754,2124600
2017-12-12,35.869998931884766,35.93000030517578,35.58000183105469,35.630001068115234,27.478666305541992,3228500
2017-12-13,35.75,36.15999984741211,35.59000015258789,35.7599983215332,27.57892608642578,2567000
2017-12-14,35.779998779296875,36.04999923706055,35.63999938964844,35.650001525878906,27.49408721923828,2273200
2017-12-15,36.11000061035156,36.119998931884766,35.779998779296875,35.84000015258789,27.6406192779541,4765000
2017-12-18,36.02000045776367,36.25,35.880001068115234,36.0099983215332,27.771732330322266,2672300
2017-12-19,35.97999954223633,36.119998931884766,35.43000030517578,35.47999954223633,27.362977981567383,2034900
2017-12-20,35.560001373291016,35.93000030517578,35.400001525878906,35.41999816894531,27.316709518432617,2722000
2017-12-21,35.540000915527344,35.59000015258789,35.150001525878906,35.209999084472656,27.15475082397461,3782300
2017-12-22,35.22999954223633,35.349998474121094,34.70000076293945,34.939998626708984,26.94651985168457,2861700
2017-12-26,34.959999084472656,35.16999816894531,34.91999816894531,35.060001373291016,27.03907012939453,1689100
2017-12-27,35.099998474121094,35.25,34.9900016784668,35.099998474121094,27.069917678833008,1994000
2017-12-28,35.099998474121094,35.29999923706055,34.95000076293945,35.2599983215332,27.193315505981445,1810100
2017-12-29,35.349998474121094,35.5,35.09000015258789,35.2599983215332,27.193315505981445,2258500
2018-01-02,35.29999923706055,35.349998474121094,34.90999984741211,35.29999923706055,27.224163055419922,3144000
2018-01-03,35.22999954223633,35.66999816894531,35.22999954223633,35.61000061035156,27.46324348449707,2922800
2018-01-04,35.70000076293945,35.70000076293945,35.290000915527344,35.31999969482422,27.239585876464844,2727800
2018-01-05,35.38999938964844,35.58000183105469,35.220001220703125,35.27000045776367,27.201019287109375,2924800
2018-01-08,35.29999923706055,35.58000183105469,35.27000045776367,35.5,27.37840461730957,2760800
2018-01-09,35.560001373291016,35.560001373291016,35.20000076293945,35.2599983215332,27.193315505981445,2530300
2018-01-10,35.220001220703125,35.220001220703125,34.58000183105469,34.83000183105469,26.86168670654297,4519700
2018-01-11,34.869998931884766,35.04999923706055,34.56999969482422,34.9900016784668,26.985082626342773,3405800
2018-01-12,35.09000015258789,35.36000061035156,34.849998474121094,35.2599983215332,27.193315505981445,2891500
2018-01-16,35.349998474121094,35.45000076293945,34.75,34.7599983215332,26.807697296142578,3877000
2018-01-17,34.880001068115234,35.29999923706055,34.779998779296875,35.209999084472656,27.15475082397461,3500100
2018-01-18,35.15999984741211,35.41999816894531,34.880001068115234,35.29999923706055,27.224163055419922,3099400
2018-01-19,35.31999969482422,35.810001373291016,35.310001373291016,35.79999923706055,27.609773635864258,3548600
2018-01-22,35.849998474121094,36.150001525878906,35.779998779296875,35.97999954223633,27.748594284057617,3269400
2018-01-23,35.9900016784668,36.7400016784668,35.959999084472656,36.61000061035156,28.23446273803711,5291700
2018-01-24,36.97999954223633,37.65999984741211,36.75,37.59000015258789,28.990253448486328,8694600
2018-01-25,37.810001373291016,37.86000061035156,37.380001068115234,37.72999954223633,29.098236083984375,4612800
2018-01-26,37.880001068115234,37.88999938964844,36.90999984741211,37.849998474121094,29.190778732299805,6003200
2018-01-29,37.83000183105469,37.83000183105469,36.560001373291016,37.06999969482422,28.589223861694336,6127500
2018-01-30,36.84000015258789,37.060001373291016,36.52000045776367,36.790000915527344,28.373281478881836,5452500
2018-01-31,36.88999938964844,37.68000030517578,36.849998474121094,37.540000915527344,28.951696395874023,6448900
2018-02-01,37.470001220703125,37.66999816894531,37.08000183105469,37.15999984741211,28.65863609313965,6208600
2018-02-02,34.95000076293945,36.040000915527344,34.95000076293945,35.68000030517578,27.517223358154297,10419400
2018-02-05,35.47999954223633,35.88999938964844,34.7599983215332,34.790000915527344,26.83084487915039,6984200
2018-02-06,34.189998626708984,34.849998474121094,33.68000030517578,34.68000030517578,26.746002197265625,7620600
2018-02-07,34.5,35.15999984741211,34.459999084472656,34.52000045776367,26.62260627746582,4260200
2018-02-08,34.41999816894531,34.66999816894531,33.599998474121094,33.599998474121094,25.91307830810547,5743000
2018-02-09,33.790000915527344,34.029998779296875,33.02000045776367,33.790000915527344,26.059616088867188,4781700
2018-02-12,34.0099983215332,34.40999984741211,33.4900016784668,34.36000061035156,26.499208450317383,4536500
2018-02-13,34.2599983215332,34.58000183105469,34.189998626708984,34.209999084472656,26.383525848388672,4346100
2018-02-14,33.959999084472656,35.0099983215332,33.86000061035156,34.959999084472656,26.961942672729492,4834200
2018-02-15,35.25,35.439998626708984,34.54999923706055,34.95000076293945,26.95423126220703,3574500
2018-02-16,35.0,35.5,34.93000030517578,35.18000030517578,27.131620407104492,4067500
2018-02-20,35.02000045776367,35.459999084472656,34.869998931884766,34.939998626708984,26.94651985168457,4461500
2018-02-21,35.02000045776367,35.279998779296875,34.7599983215332,34.7599983215332,26.807697296142578,4938200
2018-02-22,34.970001220703125,35.310001373291016,34.849998474121094,34.86000061035156,26.88482093811035,4251400
2018-02-23,35.0,35.40999984741211,35.0,35.400001525878906,27.30128288269043,2579600
2018-02-26,35.400001525878906,35.709999084472656,35.209999084472656,35.65999984741211,27.501800537109375,3870500
2018-02-27,35.650001525878906,35.849998474121094,35.08000183105469,35.2599983215332,27.193315505981445,4899700
2018-02-28,35.38999938964844,35.7400016784668,35.029998779296875,35.029998779296875,27.01593589782715,4767100
2018-03-01,34.84000015258789,34.90999984741211,34.130001068115234,34.36000061035156,26.743513107299805,4242900
2018-03-02,34.11000061035156,34.68000030517578,34.0,34.650001525878906,26.969236373901367,3106300
2018-03-05,34.40999984741211,34.59000015258789,34.0,34.0099983215332,26.471097946166992,4984700
2018-03-06,34.08000183105469,34.47999954223633,34.04999923706055,34.22999954223633,26.6423282623291,5811100
2018-03-07,33.95000076293945,34.36000061035156,33.95000076293945,34.279998779296875,26.68124771118164,4238400
2018-03-08,34.349998474121094,34.47999954223633,34.290000915527344,34.470001220703125,26.829126358032227,2952200
2018-03-09,34.68000030517578,34.86000061035156,34.45000076293945,34.86000061035156,27.132680892944336,3099000
2018-03-12,34.79999923706055,35.2400016784668,34.7599983215332,35.119998931884766,27.335044860839844,3676800
2018-03-13,35.27000045776367,35.560001373291016,35.22999954223633,35.54999923706055,27.66973114013672,3810000
2018-03-14,35.540000915527344,35.599998474121094,35.16999816894531,35.2400016784668,27.428447723388672,2785700
2018-03-15,35.349998474121094,35.66999816894531,35.209999084472656,35.619998931884766,27.724210739135742,3985700
2018-03-16,35.599998474121094,35.97999954223633,35.459999084472656,35.81999969482422,27.8798770904541,5220200
2018-03-19,35.83000183105469,35.83000183105469,35.209999084472656,35.529998779296875,27.6541690826416,2708000
2018-03-20,35.529998779296875,35.83000183105469,35.09000015258789,35.38999938964844,27.545194625854492,4032100
2018-03-21,35.54999923706055,35.91999816894531,35.2599983215332,35.380001068115234,27.537416458129883,3485600
2018-03-22,35.060001373291016,35.72999954223633,35.029998779296875,35.20000076293945,27.397314071655273,3359200
2018-03-23,35.349998474121094,35.40999984741211,33.970001220703125,34.04999923706055,26.50223159790039,5798500
2018-03-26,34.34000015258789,34.59000015258789,33.869998931884766,34.529998779296875,26.875831604003906,3811300
2018-03-27,34.5,35.2400016784668,34.189998626708984,34.900001525878906,27.16381072998047,5577700
2018-03-28,34.970001220703125,35.459999084472656,34.880001068115234,35.02000045776367,27.257221221923828,4378600
2018-03-29,35.099998474121094,35.38999938964844,34.90999984741211,35.0,27.241649627685547,3836800
2018-04-02,35.060001373291016,35.189998626708984,34.41999816894531,34.61000061035156,26.938095092773438,4295500
2018-04-03,34.630001068115234,34.75,34.25,34.68000030517578,26.992582321166992,6388900
2018-04-04,34.41999816894531,35.29999923706055,34.41999816894531,35.2400016784668,27.428447723388672,4303100
2018-04-05,35.310001373291016,35.81999969482422,35.150001525878906,35.7400016784668,27.81760597229004,3571100
2018-04-06,35.47999954223633,35.939998626708984,35.279998779296875,35.47999954223633,27.615245819091797,3793900
2018-04-09,35.59000015258789,35.709999084472656,35.27000045776367,35.279998779296875,27.459579467773438,3161400
2018-04-10,35.61000061035156,35.63999938964844,35.2599983215332,35.41999816894531,27.56854248046875,5040200
2018-04-11,35.349998474121094,36.099998474121094,35.33000183105469,35.7599983215332,27.83317756652832,3660100
2018-04-12,35.88999938964844,36.16999816894531,35.7400016784668,35.91999816894531,27.95771598815918,2688100
2018-04-13,36.11000061035156,36.34000015258789,36.0099983215332,36.189998626708984,28.167863845825195,2733800
2018-04-16,36.459999084472656,36.65999984741211,36.220001220703125,36.47999954223633,28.393585205078125,2965800
2018-04-17,36.63999938964844,37.119998931884766,36.4900016784668,36.939998626708984,28.751605987548828,4941500
2018-04-18,37.0099983215332,37.2400016784668,36.849998474121094,36.849998474121094,28.68155288696289,3249000
2018-04-19,36.790000915527344,36.849998474121094,36.34000015258789,36.630001068115234,28.51032829284668,3414800
2018-04-20,36.650001525878906,36.720001220703125,36.13999938964844,36.2599983215332,28.22234535217285,4260500
2018-04-23,36.279998779296875,36.529998779296875,36.13999938964844,36.209999084472656,28.183429718017578,2788100
2018-04-24,36.279998779296875,36.470001220703125,35.939998626708984,36.18000030517578,28.160078048706055,3678700
2018-04-25,36.11000061035156,36.31999969482422,35.900001525878906,36.18000030517578,28.160078048706055,3705500
2018-04-26,36.25,36.939998626708984,36.220001220703125,36.650001525878906,28.52590560913086,6091400
2018-04-27,36.66999816894531,37.38999938964844,36.65999984741211,37.0,28.798315048217773,5814400
2018-04-30,37.33000183105469,37.349998474121094,36.7599983215332,36.779998779296875,28.62706756591797,4546600
2018-05-01,36.83000183105469,36.91999816894531,36.0,36.38999938964844,28.323528289794922,6572700
2018-05-02,36.349998474121094,36.779998779296875,36.349998474121094,36.540000915527344,28.440277099609375,4498800
2018-05-03,36.599998474121094,36.68000030517578,36.189998626708984,36.33000183105469,28.276830673217773,3571700
2018-05-04,36.33000183105469,36.7599983215332,36.290000915527344,36.5099983215332,28.41693115234375,3484300
2018-05-07,36.4900016784668,36.77000045776367,36.36000061035156,36.720001220703125,28.58038330078125,2665900
2018-05-08,36.630001068115234,36.689998626708984,36.16999816894531,36.38999938964844,28.323528289794922,5987500
2018-05-09,36.33000183105469,36.45000076293945,36.04999923706055,36.45000076293945,28.370223999023438,2880000
2018-05-10,36.599998474121094,36.970001220703125,36.54999923706055,36.779998779296875,28.62706756591797,2451400
2018-05-11,36.810001373291016,36.900001525878906,36.529998779296875,36.619998931884766,28.50254249572754,1777300
2018-05-14,36.689998626708984,36.779998779296875,36.209999084472656,36.38999938964844,28.323528289794922,3857000
2018-05-15,36.150001525878906,36.279998779296875,35.72999954223633,35.959999084472656,27.98884391784668,6013600
2018-05-16,36.0,36.2400016784668,35.939998626708984,36.130001068115234,28.121166229248047,3341200
2018-05-17,36.22999954223633,36.36000061035156,36.06999969482422,36.290000915527344,28.245697021484375,2997000
2018-05-18,36.290000915527344,36.47999954223633,36.22999954223633,36.45000076293945,28.370223999023438,7524000
2018-05-21,36.560001373291016,37.040000915527344,36.40999984741211,36.81999969482422,28.658214569091797,3855100
2018-05-22,36.79999923706055,37.119998931884766,36.79999923706055,37.11000061035156,28.88393783569336,4340300
2018-05-23,37.099998474121094,37.22999954223633,36.75,36.81999969482422,28.658214569091797,3708500
2018-05-24,36.810001373291016,36.88999938964844,36.4900016784668,36.65999984741211,28.53367805480957,3198700
2018-05-25,36.65999984741211,37.06999969482422,36.56999969482422,36.95000076293945,28.759397506713867,3356500
2018-05-29,36.65999984741211,37.060001373291016,36.619998931884766,36.83000183105469,28.666006088256836,5342600
2018-05-30,36.95000076293945,37.380001068115234,36.77000045776367,37.22999954223633,28.97732925415039,3002200
2018-05-31,37.2599983215332,37.47999954223633,37.02000045776367,37.33000183105469,29.05516815185547,6302200
2018-06-01,37.33000183105469,37.900001525878906,37.16999816894531,37.689998626708984,29.33536720275879,3523600
2018-06-04,37.86000061035156,38.130001068115234,37.72999954223633,37.939998626708984,29.529937744140625,3613300
2018-06-05,38.0,38.27000045776367,37.900001525878906,38.220001220703125,29.747873306274414,5129000
2018-06-06,38.15999984741211,38.38999938964844,37.9900016784668,38.349998474121094,29.849063873291016,2866200
2018-06-07,38.060001373291016,38.13999938964844,37.959999084472656,38.119998931884766,29.91969871520996,3072700
2018-06-08,38.16999816894531,38.2400016784668,37.9900016784668,38.11000061035156,29.911855697631836,2412500
2018-06-11,38.11000061035156,38.349998474121094,37.83000183105469,37.91999816894531,29.76271629333496,3033700
2018-06-12,38.029998779296875,38.38999938964844,37.779998779296875,38.36000061035156,30.10807228088379,6610500
2018-06-13,38.2599983215332,38.2599983215332,37.06999969482422,37.189998626708984,29.18976402282715,5473200
2018-06-14,37.22999954223633,37.54999923706055,37.02000045776367,37.2599983215332,29.244709014892578,4891100
2018-06-15,37.31999969482422,37.380001068115234,36.86000061035156,36.95000076293945,29.001392364501953,5424400
2018-06-18,36.880001068115234,37.150001525878906,36.72999954223633,37.119998931884766,29.134815216064453,2582200
2018-06-19,37.06999969482422,37.290000915527344,36.91999816894531,36.9900016784668,29.032785415649414,6205600
2018-06-20,36.91999816894531,37.0,36.2400016784668,36.38999938964844,28.561853408813477,7751300
2018-06-21,36.31999969482422,36.38999938964844,35.61000061035156,35.75,28.05953025817871,5261100
2018-06-22,35.90999984741211,35.93000030517578,35.45000076293945,35.599998474121094,27.94179344177246,5354600
2018-06-25,35.61000061035156,35.70000076293945,34.97999954223633,35.36000061035156,27.753429412841797,5423200
2018-06-26,35.45000076293945,36.220001220703125,35.38999938964844,36.150001525878906,28.37349510192871,7030800
2018-06-27,36.16999816894531,36.33000183105469,35.61000061035156,35.630001068115234,27.965341567993164,4015300
2018-06-28,35.68000030517578,36.119998931884766,35.45000076293945,36.11000061035156,28.342084884643555,4058800
2018-06-29,35.9900016784668,36.720001220703125,35.88999938964844,36.459999084472656,28.61680030822754,4452600
2018-07-02,36.25,36.349998474121094,35.84000015258789,36.29999923706055,28.49121856689453,3311900
2018-07-03,36.43000030517578,36.93000030517578,36.36000061035156,36.56999969482422,28.703134536743164,2170500
2018-07-05,36.63999938964844,37.060001373291016,36.45000076293945,37.040000915527344,29.0720272064209,2167400
2018-07-06,37.099998474121094,37.439998626708984,36.95000076293945,37.27000045776367,29.252552032470703,2640000
2018-07-09,37.29999923706055,37.310001373291016,36.779998779296875,36.83000183105469,28.907209396362305,2634900
2018-07-10,36.79999923706055,37.040000915527344,36.459999084472656,37.0,29.040637969970703,4776600
2018-07-11,36.84000015258789,37.040000915527344,36.529998779296875,36.54999923706055,28.68743324279785,2357400
2018-07-12,36.77000045776367,36.790000915527344,36.400001525878906,36.459999084472656,28.61680030822754,2754100
2018-07-13,36.5099983215332,36.66999816894531,36.36000061035156,36.439998626708984,28.601099014282227,1830700
2018-07-16,36.5,36.58000183105469,36.16999816894531,36.25,28.45197105407715,2032700
2018-07-17,36.400001525878906,36.5,36.09000015258789,36.220001220703125,28.42842674255371,4756600
2018-07-18,36.130001068115234,36.150001525878906,35.08000183105469,35.220001220703125,27.643543243408203,4895000
2018-07-19,35.189998626708984,35.7400016784668,35.099998474121094,35.650001525878906,27.981040954589844,3939100
2018-07-20,35.5,35.5099983215332,34.849998474121094,34.880001068115234,27.376686096191406,5528500
2018-07-23,34.84000015258789,35.04999923706055,34.4900016784668,34.58000183105469,27.14122200012207,4730800
2018-07-24,34.54999923706055,34.709999084472656,34.38999938964844,34.54999923706055,27.117671966552734,5853200
2018-07-25,34.66999816894531,34.75,34.380001068115234,34.72999954223633,27.258943557739258,2734900
2018-07-26,34.84000015258789,34.9900016784668,34.61000061035156,34.90999984741211,27.400230407714844,3736300
2018-07-27,34.95000076293945,35.119998931884766,33.810001373291016,33.83000183105469,26.552560806274414,5701400
2018-07-30,33.97999954223633,34.209999084472656,33.65999984741211,34.119998931884766,26.780170440673828,3070600
2018-07-31,34.29999923706055,34.45000076293945,34.099998474121094,34.18000030517578,26.827268600463867,4432800
2018-08-01,34.0,34.16999816894531,33.81999969482422,34.06999969482422,26.740928649902344,6150700
2018-08-02,34.06999969482422,34.279998779296875,33.97999954223633,34.08000183105469,26.748777389526367,4193400
2018-08-03,34.189998626708984,34.22999954223633,33.939998626708984,33.970001220703125,26.662443161010742,3713000
2018-08-06,33.93000030517578,34.16999816894531,33.93000030517578,34.11000061035156,26.772329330444336,2535200
2018-08-07,34.2599983215332,34.310001373291016,33.9900016784668,34.2599983215332,26.890050888061523,2605600
2018-08-08,34.290000915527344,34.40999984741211,34.02000045776367,34.33000183105469,26.94499397277832,2006400
2018-08-09,34.279998779296875,34.560001373291016,34.2599983215332,34.439998626708984,27.031330108642578,2110300
2018-08-10,34.34000015258789,34.40999984741211,34.029998779296875,34.04999923706055,26.725231170654297,2490500
2018-08-13,34.0,34.209999084472656,33.90999984741211,33.91999816894531,26.62319564819336,2769400
2018-08-14,33.9900016784668,34.38999938964844,33.9900016784668,34.29999923706055,26.92145347595215,2530400
2018-08-15,34.2400016784668,34.56999969482422,34.0,34.5,27.07842445373535,3027500
2018-08-16,34.58000183105469,35.65999984741211,34.41999816894531,35.380001068115234,27.769126892089844,5759500
2018-08-17,35.38999938964844,35.709999084472656,35.209999084472656,35.650001525878906,27.981040954589844,4812000
2018-08-20,35.72999954223633,35.790000915527344,35.36000061035156,35.4900016784668,27.855459213256836,3055800
2018-08-21,35.5099983215332,35.68000030517578,35.2400016784668,35.25,27.667091369628906,1955000
2018-08-22,35.2400016784668,35.459999084472656,35.13999938964844,35.29999923706055,27.70633316040039,1780800
2018-08-23,35.279998779296875,35.279998779296875,34.54999923706055,34.58000183105469,27.14122200012207,2853900
2018-08-24,34.56999969482422,34.900001525878906,34.4900016784668,34.880001068115234,27.376686096191406,2219500
2018-08-27,34.95000076293945,35.290000915527344,34.86000061035156,35.290000915527344,27.698486328125,2831900
2018-08-28,35.27000045776367,35.33000183105469,34.959999084472656,35.310001373291016,27.714187622070312,2742800
2018-08-29,35.369998931884766,35.400001525878906,35.15999984741211,35.16999816894531,27.60429573059082,2216600
2018-08-30,35.08000183105469,35.18000030517578,34.470001220703125,34.58000183105469,27.14122200012207,2654600
2018-08-31,34.58000183105469,34.95000076293945,34.560001373291016,34.709999084472656,27.243255615234375,3274200
2018-09-04,34.79999923706055,34.79999923706055,34.0,34.15999984741211,26.811569213867188,2735800
2018-09-05,34.04999923706055,34.45000076293945,33.959999084472656,34.380001068115234,26.98424530029297,4143000
2018-09-06,34.47999954223633,34.720001220703125,34.369998931884766,34.540000915527344,27.109821319580078,2101000
2018-09-07,34.45000076293945,34.54999923706055,34.0,34.060001373291016,26.733076095581055,2422300
2018-09-10,34.209999084472656,34.45000076293945,34.08000183105469,34.11000061035156,26.772329330444336,2200100
2018-09-11,34.08000183105469,34.29999923706055,33.970001220703125,34.099998474121094,26.764480590820312,3212700
2018-09-12,34.22999954223633,34.5,34.099998474121094,34.4900016784668,27.070581436157227,2671300
2018-09-13,34.369998931884766,34.58000183105469,34.290000915527344,34.380001068115234,27.252899169921875,2627800
2018-09-14,34.349998474121094,34.36000061035156,33.9900016784668,34.060001373291016,26.999235153198242,2531200
2018-09-17,34.119998931884766,34.25,33.90999984741211,33.970001220703125,26.927894592285156,3207300
2018-09-18,34.0099983215332,34.09000015258789,33.90999984741211,33.959999084472656,26.919965744018555,3617800
2018-09-19,33.970001220703125,34.08000183105469,33.54999923706055,33.63999938964844,26.66629981994629,4314700
2018-09-20,33.63999938964844,33.84000015258789,33.29999923706055,33.689998626708984,26.705934524536133,3835200
2018-09-21,33.52000045776367,33.650001525878906,32.95000076293945,33.0099983215332,26.166906356811523,9865900
2018-09-24,32.97999954223633,33.11000061035156,32.779998779296875,32.900001525878906,26.0797119140625,4604900
2018-09-25,32.90999984741211,33.16999816894531,32.650001525878906,32.70000076293945,25.921173095703125,4683800
2018-09-26,32.790000915527344,33.02000045776367,32.68000030517578,32.720001220703125,25.937023162841797,3960700
2018-09-27,32.689998626708984,33.029998779296875,32.689998626708984,32.81999969482422,26.016294479370117,3424800
2018-09-28,32.88999938964844,32.88999938964844,32.11000061035156,32.27000045776367,25.58030891418457,3797400
2018-10-01,32.349998474121094,32.369998931884766,31.829999923706055,31.8700008392334,25.263229370117188,2920400
2018-10-02,31.809999465942383,32.13999938964844,31.559999465942383,31.979999542236328,25.350427627563477,3796300
2018-10-03,31.920000076293945,31.93000030517578,30.649999618530273,30.899999618530273,24.494319915771484,6295700
2018-10-04,30.739999771118164,30.860000610351562,30.200000762939453,30.729999542236328,24.35955810546875,4717000
2018-10-05,30.75,30.790000915527344,30.18000030517578,30.270000457763672,23.994916915893555,3303300
2018-10-08,30.31999969482422,30.959999084472656,30.260000228881836,30.850000381469727,24.454683303833008,3718100
2018-10-09,30.899999618530273,30.920000076293945,30.260000228881836,30.530000686645508,24.201019287109375,3250300
2018-10-10,30.270000457763672,30.420000076293945,29.100000381469727,29.100000381469727,23.067461013793945,6501300
2018-10-11,29.059999465942383,29.209999084472656,28.280000686645508,28.5,22.591848373413086,8376200
2018-10-12,28.65999984741211,28.790000915527344,27.920000076293945,28.079999923706055,22.258913040161133,5487800
2018-10-15,27.979999542236328,28.31999969482422,27.8799991607666,28.020000457763672,22.21135139465332,5070300
2018-10-16,28.1299991607666,28.84000015258789,27.920000076293945,28.719999313354492,22.7662410736084,6280600
2018-10-17,28.799999237060547,28.799999237060547,28.09000015258789,28.309999465942383,22.44123077392578,3212800
2018-10-18,28.1200008392334,28.270000457763672,27.68000030517578,27.860000610351562,22.084522247314453,3343100
2018-10-19,27.93000030517578,28.829999923706055,27.889999389648438,28.540000915527344,22.623554229736328,5011300
2018-10-22,28.549999237060547,28.549999237060547,27.59000015258789,27.610000610351562,21.886350631713867,4607800
2018-10-23,27.520000457763672,28.440000534057617,27.469999313354492,28.350000381469727,22.47294044494629,6656400
2018-10-24,28.260000228881836,28.760000228881836,28.18000030517578,28.479999542236328,22.575990676879883,5940400
2018-10-25,28.579999923706055,29.229999542236328,28.420000076293945,28.950000762939453,22.948562622070312,6498200
2018-10-26,27.770000457763672,28.0,26.0,26.489999771118164,20.99852752685547,9087900
2018-10-29,26.760000228881836,27.739999771118164,26.309999465942383,26.43000030517578,20.950965881347656,6141100
2018-10-30,26.59000015258789,26.75,25.75,26.229999542236328,20.79242515563965,8711600
2018-10-31,26.399999618530273,27.09000015258789,25.979999542236328,26.6299991607666,21.109508514404297,7013200
2018-11-01,26.68000030517578,27.270000457763672,26.540000915527344,27.219999313354492,21.57719612121582,4994500
2018-11-02,27.350000381469727,27.93000030517578,27.040000915527344,27.530000686645508,21.822933197021484,9590300
2018-11-05,27.549999237060547,27.639999389648438,27.15999984741211,27.6200008392334,21.89427375793457,4063400
2018-11-06,27.68000030517578,27.809999465942383,26.979999542236328,27.190000534057617,21.553409576416016,3143800
2018-11-07,27.309999465942383,27.520000457763672,27.010000228881836,27.510000228881836,21.807077407836914,3348000
2018-11-08,27.389999389648438,27.399999618530273,26.860000610351562,27.25,21.60097885131836,3237400
2018-11-09,27.15999984741211,27.18000030517578,26.690000534057617,26.829999923706055,21.268037796020508,4834200
2018-11-12,26.860000610351562,27.5,26.770000457763672,27.0,21.402803421020508,5017600
2018-11-13,26.989999771118164,27.059999465942383,26.520000457763672,26.649999618530273,21.125356674194336,4151600
2018-11-14,26.809999465942383,27.209999084472656,26.610000610351562,26.719999313354492,21.180845260620117,4281000
2018-11-15,26.579999923706055,26.760000228881836,26.209999084472656,26.610000610351562,21.09364891052246,3883000
2018-11-16,26.549999237060547,27.270000457763672,26.5,27.059999465942383,21.450361251831055,8048500
2018-11-19,27.139999389648438,27.780000686645508,26.90999984741211,27.09000015258789,21.474143981933594,4809400
2018-11-20,26.860000610351562,26.950000762939453,26.459999084472656,26.549999237060547,21.04608726501465,3012300
2018-11-21,26.610000610351562,26.950000762939453,26.5,26.670000076293945,21.141210556030273,2493700
2018-11-23,26.489999771118164,26.649999618530273,26.170000076293945,26.329999923706055,20.87169647216797,1136200
2018-11-26,26.559999465942383,26.770000457763672,26.350000381469727,26.639999389648438,21.117433547973633,2836400
2018-11-27,26.6299991607666,26.709999084472656,26.290000915527344,26.690000534057617,21.157062530517578,4167700
2018-11-28,26.670000076293945,26.979999542236328,26.5,26.950000762939453,21.363170623779297,4660000
2018-11-29,26.68000030517578,26.93000030517578,26.489999771118164,26.739999771118164,21.467533111572266,3968900
2018-11-30,26.700000762939453,26.81999969482422,26.030000686645508,26.40999984741211,21.202600479125977,5771600
2018-12-03,26.510000228881836,26.860000610351562,26.219999313354492,26.5,21.274858474731445,3772700
2018-12-04,26.469999313354492,26.559999465942383,25.100000381469727,25.1200008392334,20.166959762573242,7684500
2018-12-06,24.940000534057617,26.790000915527344,24.719999313354492,26.739999771118164,21.467533111572266,10082500
2018-12-07,26.579999923706055,26.75,25.0,25.270000457763672,20.287384033203125,7393300
2018-12-10,25.299999237060547,25.780000686645508,25.020000457763672,25.690000534057617,20.62456512451172,6222000
2018-12-11,25.920000076293945,25.920000076293945,25.09000015258789,25.09000015258789,20.14287567138672,5958000
2018-12-12,25.350000381469727,25.450000762939453,24.719999313354492,24.719999313354492,19.8458251953125,4515700
2018-12-13,24.75,24.809999465942383,24.399999618530273,24.5,19.669206619262695,4715200
2018-12-14,24.280000686645508,24.549999237060547,23.8700008392334,24.030000686645508,19.291881561279297,4210900
2018-12-17,24.06999969482422,24.219999313354492,23.540000915527344,23.600000381469727,18.946664810180664,7687900
2018-12-18,23.639999389648438,23.969999313354492,23.459999084472656,23.639999389648438,18.978775024414062,7691700
2018-12-19,23.559999465942383,24.049999237060547,23.190000534057617,23.200000762939453,18.62553596496582,10631000
2018-12-20,23.110000610351562,23.15999984741211,22.1200008392334,22.219999313354492,17.83876609802246,8632300
2018-12-21,22.270000457763672,22.770000457763672,21.270000457763672,21.280000686645508,17.0841064453125,19248000
2018-12-24,21.239999771118164,21.469999313354492,20.959999084472656,21.100000381469727,16.939607620239258,4702200
2018-12-26,21.209999084472656,21.469999313354492,20.520000457763672,21.350000381469727,17.140310287475586,12927500
2018-12-27,21.15999984741211,21.530000686645508,20.809999465942383,21.530000686645508,17.284818649291992,8890300
2018-12-28,21.639999389648438,22.059999465942383,21.56999969482422,21.829999923706055,17.525665283203125,9235400
2018-12-31,21.899999618530273,22.1299991607666,21.540000915527344,21.860000610351562,17.549745559692383,6336900
2019-01-02,21.100000381469727,21.690000534057617,20.90999984741211,21.530000686645508,17.284818649291992,7442000
2019-01-03,21.469999313354492,22.6200008392334,21.469999313354492,22.260000228881836,17.870878219604492,9788300
2019-01-04,22.510000228881836,23.139999389648438,22.3700008392334,23.020000457763672,18.481021881103516,5843900
2019-01-07,23.079999923706055,23.65999984741211,22.780000686645508,23.479999542236328,18.850324630737305,6562200
2019-01-08,23.579999923706055,23.719999313354492,23.3799991607666,23.6200008392334,18.962722778320312,6232800
2019-01-09,23.600000381469727,23.860000610351562,23.34000015258789,23.700000762939453,19.026945114135742,3926900
2019-01-10,23.719999313354492,24.34000015258789,23.690000534057617,24.299999237060547,19.508642196655273,5954800
2019-01-11,24.270000457763672,24.34000015258789,23.709999084472656,24.209999084472656,19.43638801574707,4594400
2019-01-14,24.100000381469727,24.31999969482422,23.920000076293945,24.079999923706055,19.332019805908203,3548900
2019-01-15,24.09000015258789,24.139999389648438,23.809999465942383,24.110000610351562,19.35610580444336,4224400
2019-01-16,24.049999237060547,24.489999771118164,23.969999313354492,24.3799991607666,19.572864532470703,4155600
2019-01-17,24.270000457763672,24.709999084472656,24.200000762939453,24.639999389648438,19.78160285949707,3738800
2019-01-18,24.670000076293945,25.1200008392334,24.489999771118164,25.079999923706055,20.13484764099121,5306000
2019-01-22,24.950000762939453,25.0,24.34000015258789,24.549999237060547,19.709346771240234,5156800
2019-01-23,24.639999389648438,24.940000534057617,24.190000534057617,24.290000915527344,19.500612258911133,4492400
2019-01-24,24.280000686645508,25.299999237060547,24.280000686645508,25.170000076293945,20.20709800720215,6461100
2019-01-25,25.309999465942383,25.860000610351562,25.290000915527344,25.700000762939453,20.63259506225586,5211700
2019-01-28,25.59000015258789,25.84000015258789,25.309999465942383,25.799999237060547,20.712873458862305,4807000
2019-01-29,25.790000915527344,25.8799991607666,25.610000610351562,25.850000381469727,20.753019332885742,4328700
2019-01-30,25.889999389648438,26.3700008392334,25.799999237060547,26.209999084472656,21.042034149169922,3408800
2019-01-31,26.149999618530273,26.520000457763672,25.93000030517578,26.239999771118164,21.066123962402344,9748800
2019-02-01,26.239999771118164,27.600000381469727,26.059999465942383,26.75,21.47555923461914,6851900
2019-02-04,26.520000457763672,26.6200008392334,25.59000015258789,26.149999618530273,20.993867874145508,6367200
2019-02-05,26.239999771118164,26.5,25.8799991607666,26.479999542236328,21.258800506591797,5040900
2019-02-06,26.389999389648438,26.68000030517578,26.229999542236328,26.270000457763672,21.090206146240234,5480000
2019-02-07,26.09000015258789,26.290000915527344,25.360000610351562,25.90999984741211,20.80118751525879,6171400
2019-02-08,25.780000686645508,26.040000915527344,25.290000915527344,25.649999618530273,20.592456817626953,4908500
2019-02-11,25.700000762939453,25.899999618530273,25.229999542236328,25.399999618530273,20.391746520996094,6303700
2019-02-12,25.489999771118164,25.6200008392334,25.1299991607666,25.329999923706055,20.335548400878906,7417700
2019-02-13,25.360000610351562,25.65999984741211,25.149999618530273,25.389999389648438,20.383718490600586,5655400
2019-02-14,25.3700008392334,25.639999389648438,24.93000030517578,25.420000076293945,20.407804489135742,5054500
2019-02-15,25.579999923706055,25.6200008392334,25.420000076293945,25.540000915527344,20.504148483276367,5359600
2019-02-19,25.479999542236328,25.760000228881836,25.350000381469727,25.59000015258789,20.544286727905273,6782000
2019-02-20,25.639999389648438,26.06999969482422,25.510000228881836,25.8700008392334,20.76907730102539,5329700
2019-02-21,25.81999969482422,25.969999313354492,25.579999923706055,25.739999771118164,20.664710998535156,3223400
2019-02-22,25.809999465942383,26.229999542236328,25.790000915527344,26.09000015258789,20.945693969726562,3192800
2019-02-25,26.170000076293945,26.25,25.760000228881836,25.860000610351562,20.76104736328125,3451300
2019-02-26,25.90999984741211,26.059999465942383,25.549999237060547,25.559999465942383,20.52020263671875,3587700
2019-02-27,25.5,26.030000686645508,25.40999984741211,25.850000381469727,20.753019332885742,4900800
2019-02-28,25.540000915527344,25.6299991607666,24.8700008392334,24.889999389648438,20.248628616333008,6255800
2019-03-01,25.010000228881836,25.139999389648438,24.440000534057617,25.010000228881836,20.346254348754883,7067200
2019-03-04,25.110000610351562,25.170000076293945,24.479999542236328,24.950000762939453,20.297447204589844,3842700
2019-03-05,24.899999618530273,24.940000534057617,24.399999618530273,24.59000015258789,20.004579544067383,3993500
2019-03-06,24.559999465942383,24.780000686645508,24.469999313354492,24.6200008392334,20.02898406982422,3113800
2019-03-07,24.670000076293945,24.760000228881836,24.209999084472656,24.350000381469727,19.8093318939209,3386000
2019-03-08,24.270000457763672,24.690000534057617,24.190000534057617,24.65999984741211,20.0615234375,5003500
2019-03-11,25.25,25.8700008392334,25.149999618530273,25.84000015258789,21.021484375,5120500
2019-03-12,25.850000381469727,26.020000457763672,25.700000762939453,25.770000457763672,20.96453857421875,3737400
2019-03-13,25.799999237060547,26.219999313354492,25.739999771118164,26.079999923706055,21.21672821044922,3763100
2019-03-14,26.09000015258789,26.15999984741211,25.43000030517578,25.549999237060547,20.785560607910156,4104500
2019-03-15,25.649999618530273,25.649999618530273,25.260000228881836,25.530000686645508,20.769287109375,4830800
2019-03-18,25.600000381469727,25.719999313354492,25.43000030517578,25.600000381469727,20.826236724853516,3872500
2019-03-19,25.739999771118164,25.940000534057617,25.5,25.559999465942383,20.79369354248047,3485800
2019-03-20,25.579999923706055,25.600000381469727,25.170000076293945,25.3700008392334,20.63912582397461,4190000
2019-03-21,25.290000915527344,26.229999542236328,25.209999084472656,26.190000534057617,21.306215286254883,4429100
2019-03-22,26.25,26.270000457763672,25.739999771118164,25.760000228881836,20.95639991760254,4601400
2019-03-25,25.799999237060547,25.799999237060547,25.190000534057617,25.489999771118164,20.73674774169922,3495300
2019-03-26,25.610000610351562,25.700000762939453,25.25,25.469999313354492,20.720481872558594,3700700
2019-03-27,25.5,25.65999984741211,25.350000381469727,25.59000015258789,20.818103790283203,3640400
2019-03-28,25.600000381469727,26.6200008392334,25.600000381469727,26.610000610351562,21.64789390563965,5755500
2019-03-29,26.719999313354492,26.84000015258789,26.270000457763672,26.34000015258789,21.42824363708496,4707400
2019-04-01,26.450000762939453,26.610000610351562,26.200000762939453,26.520000457763672,21.57468032836914,4911400
2019-04-02,26.520000457763672,26.729999542236328,26.420000076293945,26.579999923706055,21.623489379882812,4352300
2019-04-03,26.6200008392334,26.959999084472656,26.440000534057617,26.68000030517578,21.70484161376953,3872300
2019-04-04,26.729999542236328,26.889999389648438,26.610000610351562,26.84000015258789,21.835004806518555,3035900
2019-04-05,27.3799991607666,27.56999969482422,27.239999771118164,27.389999389648438,22.28244400024414,5169500
2019-04-08,27.31999969482422,27.479999542236328,26.989999771118164,27.09000015258789,22.038393020629883,3470100
2019-04-09,26.959999084472656,27.040000915527344,26.56999969482422,26.600000381469727,21.639760971069336,3086600
2019-04-10,26.59000015258789,26.81999969482422,26.399999618530273,26.709999084472656,21.729249954223633,2357300
2019-04-11,26.790000915527344,27.170000076293945,26.729999542236328,27.079999923706055,22.030258178710938,4206300
2019-04-12,27.100000381469727,27.18000030517578,26.65999984741211,27.170000076293945,22.103471755981445,3936600
2019-04-15,27.209999084472656,27.280000686645508,26.81999969482422,27.079999923706055,22.030258178710938,2385600
2019-04-16,27.149999618530273,27.229999542236328,26.670000076293945,26.81999969482422,21.81873893737793,4282100
2019-04-17,26.84000015258789,26.860000610351562,26.09000015258789,26.3799991607666,21.460784912109375,5307100
2019-04-18,26.360000610351562,26.469999313354492,25.889999389648438,26.360000610351562,21.44451141357422,3505500
2019-04-22,26.239999771118164,26.280000686645508,25.469999313354492,25.760000228881836,20.95639991760254,3369300
2019-04-23,25.600000381469727,26.139999389648438,25.549999237060547,25.940000534057617,21.10283660888672,3649700
2019-04-24,26.059999465942383,26.459999084472656,26.010000228881836,26.329999923706055,21.42011070251465,3366500
2019-04-25,26.280000686645508,26.690000534057617,26.1299991607666,26.260000228881836,21.36316680908203,4632000
2019-04-26,26.68000030517578,27.489999771118164,26.68000030517578,27.3700008392334,22.266178131103516,5980000
2019-04-29,27.190000534057617,27.25,26.399999618530273,26.459999084472656,21.525869369506836,4587400
2019-04-30,26.420000076293945,26.93000030517578,26.190000534057617,26.799999237060547,21.802465438842773,5556500
2019-05-01,26.860000610351562,27.110000610351562,26.6299991607666,26.639999389648438,21.67230224609375,2749700
2019-05-02,26.649999618530273,26.950000762939453,26.350000381469727,26.459999084472656,21.525869369506836,2514400
2019-05-03,26.549999237060547,26.899999618530273,26.489999771118164,26.780000686645508,21.786197662353516,2848400
2019-05-06,26.5,26.68000030517578,26.270000457763672,26.600000381469727,21.639760971069336,3045800
2019-05-07,26.3700008392334,26.600000381469727,25.8799991607666,26.030000686645508,21.176057815551758,3460800
2019-05-08,26.010000228881836,26.139999389648438,25.610000610351562,25.6299991607666,20.85064125061035,2825600
2019-05-09,25.5,25.739999771118164,25.139999389648438,25.65999984741211,20.875049591064453,2351200
2019-05-10,25.559999465942383,25.709999084472656,25.15999984741211,25.549999237060547,20.785560607910156,2603400
2019-05-13,25.190000534057617,25.40999984741211,25.0,25.139999389648438,20.452014923095703,3959600
2019-05-14,25.149999618530273,25.40999984741211,24.969999313354492,24.979999542236328,20.32185173034668,4183300
2019-05-15,24.809999465942383,24.989999771118164,24.579999923706055,24.950000762939453,20.297447204589844,5730400
2019-05-16,25.049999237060547,25.270000457763672,24.969999313354492,25.059999465942383,20.38693618774414,4207400
2019-05-17,24.799999237060547,24.8700008392334,24.299999237060547,24.350000381469727,19.8093318939209,5808900
2019-05-20,24.170000076293945,24.25,23.43000030517578,23.459999084472656,19.085296630859375,5639000
2019-05-21,23.549999237060547,23.649999618530273,23.299999237060547,23.510000228881836,19.12596893310547,6920900
2019-05-22,23.469999313354492,23.489999771118164,23.059999465942383,23.1299991607666,18.816829681396484,5229100
2019-05-23,22.8799991607666,22.950000762939453,22.5,22.90999984741211,18.637853622436523,9137800
2019-05-24,23.1200008392334,23.25,22.850000381469727,23.010000228881836,18.719205856323242,5074600
2019-05-28,23.09000015258789,23.209999084472656,22.5,22.579999923706055,18.3693904876709,7952300
2019-05-29,22.489999771118164,22.780000686645508,22.450000762939453,22.56999969482422,18.361255645751953,6041400
2019-05-30,22.540000915527344,22.65999984741211,22.350000381469727,22.520000457763672,18.320581436157227,8682100
2019-05-31,22.450000762939453,22.959999084472656,22.350000381469727,22.799999237060547,18.54836654663086,6454900
2019-06-03,22.81999969482422,23.020000457763672,22.75,22.899999618530273,18.629718780517578,5567900
2019-06-04,23.049999237060547,23.440000534057617,22.790000915527344,23.420000076293945,19.05275535583496,11695500
2019-06-05,23.579999923706055,23.6200008392334,23.1200008392334,23.34000015258789,18.987674713134766,5791100
2019-06-06,23.06999969482422,23.260000228881836,22.850000381469727,23.100000381469727,19.070220947265625,7765200
2019-06-07,23.200000762939453,23.8799991607666,22.950000762939453,23.790000915527344,19.63985824584961,9135500
2019-06-10,23.920000076293945,24.440000534057617,23.920000076293945,24.110000610351562,19.904033660888672,7680900
2019-06-11,24.350000381469727,24.670000076293945,24.170000076293945,24.469999313354492,20.201231002807617,4968300
2019-06-12,24.450000762939453,25.139999389648438,24.360000610351562,25.059999465942383,20.688308715820312,5125300
2019-06-13,25.049999237060547,25.489999771118164,24.969999313354492,25.280000686645508,20.869922637939453,5326400
2019-06-14,25.40999984741211,26.15999984741211,25.360000610351562,25.709999084472656,21.224912643432617,6294400
2019-06-17,25.68000030517578,25.93000030517578,25.530000686645508,25.670000076293945,21.191890716552734,5095200
2019-06-18,25.770000457763672,26.360000610351562,25.770000457763672,25.979999542236328,21.447811126708984,5797100
2019-06-19,26.010000228881836,26.18000030517578,25.84000015258789,26.059999465942383,21.51385498046875,6373100
2019-06-20,26.239999771118164,26.6299991607666,26.149999618530273,26.559999465942383,21.926633834838867,7183800
2019-06-21,26.540000915527344,26.549999237060547,25.81999969482422,26.149999618530273,21.58815574645996,9537000
2019-06-24,26.09000015258789,26.219999313354492,25.729999542236328,25.829999923706055,21.323978424072266,6334300
2019-06-25,25.709999084472656,26.040000915527344,25.559999465942383,25.559999465942383,21.101078033447266,6399800
2019-06-26,25.610000610351562,25.739999771118164,25.270000457763672,25.450000762939453,21.010269165039062,6478500
2019-06-27,25.59000015258789,26.15999984741211,25.59000015258789,25.969999313354492,21.439558029174805,4521900
2019-06-28,25.950000762939453,26.459999084472656,25.950000762939453,26.34000015258789,21.74500846862793,5349400
2019-07-01,26.5,26.670000076293945,26.059999465942383,26.399999618530273,21.794544219970703,5151000
2019-07-02,26.3700008392334,26.549999237060547,26.219999313354492,26.520000457763672,21.89360809326172,3779400
2019-07-03,26.700000762939453,26.8799991607666,26.530000686645508,26.850000381469727,22.166038513183594,1897800
2019-07-05,26.6200008392334,26.670000076293945,26.270000457763672,26.610000610351562,21.967906951904297,2865000
2019-07-08,26.549999237060547,26.6299991607666,26.34000015258789,26.43000030517578,21.819311141967773,3638900
2019-07-09,26.280000686645508,26.399999618530273,26.059999465942383,26.290000915527344,21.703733444213867,2955000
2019-07-10,26.5,26.5,26.190000534057617,26.309999465942383,21.720245361328125,3195200
2019-07-11,26.270000457763672,26.31999969482422,25.610000610351562,25.809999465942383,21.307470321655273,3151700
2019-07-12,25.780000686645508,25.84000015258789,25.389999389648438,25.540000915527344,21.084569931030273,2894100
2019-07-15,25.540000915527344,25.6299991607666,25.360000610351562,25.540000915527344,21.084569931030273,2265400
2019-07-16,25.469999313354492,25.860000610351562,25.34000015258789,25.739999771118164,21.24968147277832,3419300
2019-07-17,25.65999984741211,25.770000457763672,25.1299991607666,25.299999237060547,20.886436462402344,3497700
2019-07-18,25.260000228881836,25.299999237060547,24.940000534057617,25.100000381469727,20.721328735351562,3041100
2019-07-19,25.110000610351562,25.40999984741211,25.059999465942383,25.09000015258789,20.713071823120117,3064000
2019-07-22,25.149999618530273,25.280000686645508,25.010000228881836,25.139999389648438,20.75434684753418,1643800
2019-07-23,25.15999984741211,25.469999313354492,25.15999984741211,25.3700008392334,20.944225311279297,2571400
2019-07-24,25.329999923706055,25.579999923706055,25.219999313354492,25.540000915527344,21.084569931030273,2503700
2019-07-25,25.600000381469727,25.6200008392334,25.010000228881836,25.06999969482422,20.696563720703125,4246200
2019-07-26,25.450000762939453,26.399999618530273,25.309999465942383,26.209999084472656,21.637685775756836,4950600
2019-07-29,26.260000228881836,26.43000030517578,25.09000015258789,25.84000015258789,21.332237243652344,4432600
2019-07-30,25.6200008392334,26.139999389648438,25.399999618530273,26.09000015258789,21.53862190246582,2874100
2019-07-31,26.020000457763672,26.100000381469727,25.260000228881836,25.40999984741211,20.97724723815918,3692200
2019-08-01,25.350000381469727,25.600000381469727,24.979999542236328,25.030000686645508,20.663536071777344,7103000
2019-08-02,25.0,25.290000915527344,24.8799991607666,25.100000381469727,20.721328735351562,4680600
2019-08-05,24.6200008392334,24.84000015258789,24.25,24.469999313354492,20.201231002807617,4347900
2019-08-06,24.549999237060547,24.670000076293945,24.09000015258789,24.360000610351562,20.110416412353516,4823900
2019-08-07,24.110000610351562,24.75,24.020000457763672,24.68000030517578,20.37459945678711,3418200
2019-08-08,24.68000030517578,25.149999618530273,24.43000030517578,25.139999389648438,20.75434684753418,3244900
2019-08-09,25.040000915527344,25.1299991607666,24.540000915527344,24.739999771118164,20.42412567138672,3535800
2019-08-12,24.790000915527344,25.079999923706055,24.559999465942383,24.709999084472656,20.39936065673828,2651800
2019-08-13,24.700000762939453,25.260000228881836,24.56999969482422,25.09000015258789,20.713071823120117,2918300
2019-08-14,24.889999389648438,24.93000030517578,24.469999313354492,24.5,20.225996017456055,3057200
2019-08-15,24.520000457763672,24.850000381469727,24.389999389648438,24.780000686645508,20.457151412963867,2657400
2019-08-16,24.84000015258789,25.260000228881836,24.809999465942383,25.15999984741211,20.770862579345703,2966800
2019-08-19,25.329999923706055,25.350000381469727,25.030000686645508,25.18000030517578,20.787368774414062,3058900
2019-08-20,25.190000534057617,25.209999084472656,24.93000030517578,25.030000686645508,20.663536071777344,2583000
2019-08-21,25.260000228881836,25.549999237060547,25.100000381469727,25.5,21.051549911499023,2687900
2019-08-22,25.579999923706055,25.719999313354492,25.329999923706055,25.639999389648438,21.16712760925293,2374900
2019-08-23,25.540000915527344,25.920000076293945,25.030000686645508,25.1200008392334,20.737836837768555,4285200
2019-08-26,25.25,25.450000762939453,25.09000015258789,25.450000762939453,21.010269165039062,2518000
2019-08-27,25.639999389648438,25.709999084472656,25.030000686645508,25.049999237060547,20.68004608154297,3278400
2019-08-28,25.010000228881836,25.65999984741211,24.979999542236328,25.649999618530273,21.175382614135742,4236000
2019-08-29,25.850000381469727,26.31999969482422,25.780000686645508,26.110000610351562,21.555131912231445,2982500
2019-08-30,26.149999618530273,26.5,26.059999465942383,26.309999465942383,21.720245361328125,4557900
2019-09-03,26.190000534057617,26.420000076293945,26.030000686645508,26.399999618530273,21.794544219970703,2833800
2019-09-04,26.540000915527344,26.719999313354492,26.469999313354492,26.6200008392334,21.976163864135742,3061400
2019-09-05,26.479999542236328,26.790000915527344,26.399999618530273,26.59000015258789,22.235395431518555,3739900
2019-09-06,26.600000381469727,26.829999923706055,26.520000457763672,26.709999084472656,22.335739135742188,4290900
2019-09-09,26.709999084472656,26.940000534057617,26.639999389648438,26.8799991607666,22.477903366088867,3960600
2019-09-10,26.829999923706055,27.420000076293945,26.809999465942383,27.34000015258789,22.862567901611328,3101500
2019-09-11,27.280000686645508,28.0,27.260000228881836,27.989999771118164,23.406118392944336,3965300
2019-09-12,28.1299991607666,28.209999084472656,27.719999313354492,27.8700008392334,23.305776596069336,3343600
2019-09-13,27.920000076293945,28.059999465942383,27.350000381469727,27.40999984741211,22.921104431152344,4078600
2019-09-16,27.270000457763672,27.6200008392334,27.1299991607666,27.59000015258789,23.071624755859375,3182800
2019-09-17,27.809999465942383,27.850000381469727,27.399999618530273,27.829999923706055,23.272321701049805,2041200
2019-09-18,27.860000610351562,27.940000534057617,27.639999389648438,27.81999969482422,23.263957977294922,3159900
2019-09-19,27.809999465942383,28.020000457763672,27.65999984741211,27.790000915527344,23.238872528076172,2261600
2019-09-20,27.889999389648438,27.959999084472656,27.479999542236328,27.639999389648438,23.11343765258789,4954800
2019-09-23,27.40999984741211,27.8700008392334,27.3700008392334,27.6200008392334,23.096717834472656,3083000
2019-09-24,27.690000534057617,27.760000228881836,27.389999389648438,27.549999237060547,23.038175582885742,3000900
2019-09-25,27.540000915527344,27.920000076293945,27.540000915527344,27.84000015258789,23.280683517456055,2593100
2019-09-26,27.90999984741211,28.049999237060547,27.670000076293945,27.899999618530273,23.330860137939453,1755700
2019-09-27,28.0,28.06999969482422,27.59000015258789,27.790000915527344,23.238872528076172,2337800
2019-09-30,27.8799991607666,27.979999542236328,27.639999389648438,27.700000762939453,23.163612365722656,2462800
2019-10-01,27.700000762939453,27.920000076293945,27.239999771118164,27.25,22.787307739257812,2639500
2019-10-02,27.209999084472656,27.209999084472656,26.510000228881836,26.729999542236328,22.352462768554688,3580300
2019-10-03,26.690000534057617,26.950000762939453,26.350000381469727,26.940000534057617,22.528076171875,2960600
2019-10-04,26.940000534057617,27.110000610351562,26.809999465942383,27.020000457763672,22.594974517822266,2810600
2019-10-07,26.950000762939453,27.15999984741211,26.780000686645508,27.010000228881836,22.58661651611328,2279600
2019-10-08,26.899999618530273,26.899999618530273,26.239999771118164,26.360000610351562,22.043062210083008,2821500
2019-10-09,26.520000457763672,26.770000457763672,26.5,26.6200008392334,22.260480880737305,2240200
2019-10-10,26.56999969482422,26.809999465942383,26.510000228881836,26.65999984741211,22.293926239013672,2487900
2019-10-11,26.920000076293945,27.489999771118164,26.90999984741211,27.1299991607666,22.686960220336914,3730000
2019-10-14,27.079999923706055,27.239999771118164,26.940000534057617,27.170000076293945,22.72041130065918,1531100
2019-10-15,27.149999618530273,27.389999389648438,27.110000610351562,27.229999542236328,22.77058219909668,2137500
2019-10-16,27.15999984741211,27.709999084472656,27.15999984741211,27.700000762939453,23.163612365722656,3458300
2019-10-17,27.739999771118164,28.209999084472656,27.709999084472656,28.020000457763672,23.431201934814453,3867500
2019-10-18,28.1299991607666,28.479999542236328,28.0,28.280000686645508,23.648624420166016,3495400
2019-10-21,28.459999084472656,28.729999542236328,28.450000762939453,28.729999542236328,24.024932861328125,2482500
2019-10-22,28.739999771118164,29.25,28.579999923706055,29.1299991607666,24.35942268371582,2812800
2019-10-23,29.06999969482422,29.520000457763672,29.030000686645508,29.510000228881836,24.67719078063965,3062400
2019-10-24,29.479999542236328,29.5,28.889999389648438,29.139999389648438,24.36778450012207,3813300
2019-10-25,28.920000076293945,29.389999389648438,28.600000381469727,29.059999465942383,24.300886154174805,4120200
2019-10-28,29.170000076293945,29.610000610351562,29.09000015258789,29.3700008392334,24.560121536254883,4851000
2019-10-29,29.209999084472656,29.899999618530273,29.139999389648438,29.65999984741211,24.802627563476562,3969500
2019-10-30,29.610000610351562,30.059999465942383,29.34000015258789,30.030000686645508,25.11202621459961,4294100
2019-10-31,29.940000534057617,30.030000686645508,29.139999389648438,29.209999084472656,24.42632293701172,3517800
2019-11-01,29.299999237060547,30.0,29.229999542236328,29.989999771118164,25.078580856323242,2820100
2019-11-04,30.010000228881836,30.280000686645508,29.950000762939453,30.200000762939453,25.25419044494629,3354900
2019-11-05,30.149999618530273,30.200000762939453,29.600000381469727,29.670000076293945,24.81098747253418,4402100
2019-11-06,29.690000534057617,29.709999084472656,29.479999542236328,29.540000915527344,24.70227813720703,3407300
2019-11-07,29.6299991607666,29.760000228881836,29.299999237060547,29.350000381469727,24.543394088745117,3621500
2019-11-08,29.260000228881836,29.719999313354492,29.229999542236328,29.6299991607666,24.777538299560547,2340700
2019-11-11,29.579999923706055,29.600000381469727,29.3700008392334,29.540000915527344,24.70227813720703,2019100
2019-11-12,29.540000915527344,29.639999389648438,29.100000381469727,29.139999389648438,24.36778450012207,2665300
2019-11-13,29.239999771118164,29.239999771118164,28.93000030517578,28.979999542236328,24.233989715576172,2345000
2019-11-14,29.0,29.34000015258789,28.940000534057617,29.329999923706055,24.52667236328125,2242100
2019-11-15,29.280000686645508,29.450000762939453,29.209999084472656,29.350000381469727,24.543394088745117,1991200
2019-11-18,29.3799991607666,29.65999984741211,29.229999542236328,29.6200008392334,24.76917839050293,2320300
2019-11-19,29.690000534057617,29.84000015258789,29.59000015258789,29.719999313354492,24.85279655456543,2537900
2019-11-20,29.690000534057617,29.75,29.260000228881836,29.510000228881836,24.67719078063965,2551300
2019-11-21,29.440000534057617,29.5,28.969999313354492,29.030000686645508,24.275800704956055,2741200
2019-11-22,29.040000915527344,29.219999313354492,28.809999465942383,28.989999771118164,24.242353439331055,2347500
2019-11-25,28.989999771118164,29.40999984741211,28.719999313354492,29.40999984741211,24.59357261657715,3914100
2019-11-26,29.40999984741211,29.649999618530273,29.219999313354492,29.6200008392334,24.76917839050293,3943400
2019-11-27,29.6200008392334,29.799999237060547,29.549999237060547,29.75,24.877885818481445,2056900
2019-11-29,29.829999923706055,29.8799991607666,29.43000030517578,29.510000228881836,24.67719078063965,1870300
2019-12-02,29.549999237060547,29.6299991607666,29.15999984741211,29.209999084472656,24.42632293701172,3233700
2019-12-03,28.989999771118164,29.389999389648438,28.93000030517578,29.329999923706055,24.52667236328125,4373300
2019-12-04,29.149999618530273,29.979999542236328,29.149999618530273,29.600000381469727,24.752452850341797,3934100
2019-12-05,29.190000534057617,29.360000610351562,29.09000015258789,29.25,24.743993759155273,2878800
2019-12-06,29.440000534057617,29.579999923706055,29.350000381469727,29.510000228881836,24.96393585205078,3301500
2019-12-09,29.450000762939453,29.450000762939453,29.229999542236328,29.3799991607666,24.853965759277344,2626600
2019-12-10,29.329999923706055,29.350000381469727,28.8799991607666,29.0,24.53250503540039,4522400
2019-12-11,29.06999969482422,29.399999618530273,28.979999542236328,29.329999923706055,24.811668395996094,3316100
2019-12-12,29.389999389648438,29.799999237060547,29.25,29.549999237060547,24.99777603149414,2510100
2019-12-13,29.549999237060547,29.639999389648438,29.329999923706055,29.639999389648438,25.073909759521484,3441200
2019-12-16,29.75,29.850000381469727,29.469999313354492,29.649999618530273,25.08237075805664,3538600
2019-12-17,29.649999618530273,29.850000381469727,29.540000915527344,29.65999984741211,25.09083366394043,3472400
2019-12-18,29.739999771118164,30.010000228881836,29.56999969482422,29.84000015258789,25.24310302734375,3556000
2019-12-19,29.8700008392334,30.049999237060547,29.799999237060547,30.010000228881836,25.386917114257812,3305000
2019-12-20,30.079999923706055,30.219999313354492,29.860000610351562,30.149999618530273,25.50534439086914,9383900
2019-12-23,30.170000076293945,30.280000686645508,30.09000015258789,30.139999389648438,25.49688148498535,2724600
2019-12-24,30.09000015258789,30.09000015258789,29.829999923706055,29.850000381469727,25.251562118530273,750300
2019-12-26,29.940000534057617,30.040000915527344,29.790000915527344,29.989999771118164,25.369991302490234,1448300
2019-12-27,30.100000381469727,30.100000381469727,29.90999984741211,29.979999542236328,25.361536026000977,1807700
2019-12-30,29.989999771118164,30.010000228881836,29.780000686645508,29.93000030517578,25.31923484802246,2327000
2019-12-31,29.899999618530273,30.209999084472656,29.81999969482422,30.200000762939453,25.54764175415039,2412700
2020-01-02,30.209999084472656,30.239999771118164,29.280000686645508,29.389999389648438,24.862422943115234,4973500
2020-01-03,29.170000076293945,29.579999923706055,29.149999618530273,29.440000534057617,24.904722213745117,3111000
2020-01-06,29.299999237060547,29.520000457763672,29.200000762939453,29.3799991607666,24.853965759277344,2178600
2020-01-07,29.299999237060547,29.489999771118164,29.1200008392334,29.190000534057617,24.693233489990234,2426200
2020-01-08,29.1200008392334,29.420000076293945,29.09000015258789,29.299999237060547,24.786291122436523,2299800
2020-01-09,29.299999237060547,29.600000381469727,29.209999084472656,29.540000915527344,24.989316940307617,1670400
2020-01-10,29.610000610351562,29.709999084472656,29.469999313354492,29.56999969482422,25.014694213867188,3665400
2020-01-13,29.600000381469727,30.260000228881836,29.600000381469727,30.25,25.58993911743164,4283200
2020-01-14,30.190000534057617,30.670000076293945,30.100000381469727,30.639999389648438,25.919862747192383,3776000
2020-01-15,30.760000228881836,31.09000015258789,30.719999313354492,30.93000030517578,26.165189743041992,3274400
2020-01-16,31.06999969482422,31.329999923706055,31.040000915527344,31.299999237060547,26.47818374633789,2942100
2020-01-17,31.40999984741211,31.579999923706055,30.920000076293945,30.979999542236328,26.207481384277344,4762300
2020-01-21,30.90999984741211,31.059999465942383,30.600000381469727,30.799999237060547,26.05521011352539,3563900
2020-01-22,30.950000762939453,30.969999313354492,30.489999771118164,30.489999771118164,25.792970657348633,2697000
2020-01-23,30.360000610351562,30.84000015258789,30.260000228881836,30.81999969482422,26.072134017944336,1873900
2020-01-24,30.81999969482422,30.84000015258789,30.299999237060547,30.530000686645508,25.826805114746094,2006500
2020-01-27,30.219999313354492,30.299999237060547,29.989999771118164,30.170000076293945,25.522268295288086,3170700
2020-01-28,30.31999969482422,30.5,30.239999771118164,30.389999389648438,25.708370208740234,3710900
2020-01-29,30.440000534057617,30.56999969482422,30.079999923706055,30.100000381469727,25.463050842285156,3477700
2020-01-30,29.90999984741211,30.110000610351562,29.579999923706055,30.06999969482422,25.437665939331055,4079500
2020-01-31,29.170000076293945,29.579999923706055,28.040000915527344,28.950000762939453,24.490203857421875,10558300
2020-02-03,29.06999969482422,29.09000015258789,28.1299991607666,28.219999313354492,23.872663497924805,5626500
2020-02-04,28.450000762939453,28.530000686645508,27.700000762939453,28.18000030517578,23.838829040527344,7236300
2020-02-05,28.459999084472656,29.1299991607666,28.309999465942383,28.920000076293945,24.46483039855957,4503400
2020-02-06,29.079999923706055,29.1299991607666,28.6200008392334,28.649999618530273,24.236425399780273,2438000
2020-02-07,28.59000015258789,28.610000610351562,28.049999237060547,28.579999923706055,24.177202224731445,4101400
2020-02-10,28.610000610351562,28.65999984741211,28.25,28.649999618530273,24.236425399780273,3034000
2020-02-11,28.780000686645508,29.030000686645508,28.690000534057617,28.899999618530273,24.44791030883789,3373200
2020-02-12,29.040000915527344,29.979999542236328,29.040000915527344,29.75,25.166963577270508,4710200
2020-02-13,29.700000762939453,30.450000762939453,29.610000610351562,30.25,25.58993911743164,3577200
2020-02-14,30.31999969482422,30.65999984741211,30.1299991607666,30.65999984741211,25.936779022216797,2652600
2020-02-18,30.65999984741211,30.65999984741211,29.770000457763672,30.1200008392334,25.479963302612305,3064900
2020-02-19,30.18000030517578,30.6200008392334,30.18000030517578,30.3700008392334,25.691457748413086,3349500
2020-02-20,30.280000686645508,30.940000534057617,30.149999618530273,30.8700008392334,26.114425659179688,3331700
2020-02-21,30.739999771118164,30.81999969482422,30.290000915527344,30.729999542236328,25.995996475219727,3151100
2020-02-24,30.09000015258789,30.25,29.6200008392334,29.760000228881836,25.175426483154297,3755600
2020-02-25,29.81999969482422,29.84000015258789,28.06999969482422,28.06999969482422,23.745769500732422,4617900
2020-02-26,28.229999542236328,28.610000610351562,27.3799991607666,27.399999618530273,23.178985595703125,4551700
2020-02-27,26.8700008392334,27.479999542236328,26.309999465942383,26.3700008392334,22.30765724182129,6430700
2020-02-28,25.799999237060547,26.049999237060547,24.8799991607666,25.979999542236328,21.977737426757812,9547600
2020-03-02,26.139999389648438,27.440000534057617,25.649999618530273,27.440000534057617,23.212827682495117,6513400
2020-03-03,27.43000030517578,27.920000076293945,26.510000228881836,26.729999542236328,22.612199783325195,5143800
2020-03-04,27.190000534057617,28.360000610351562,27.020000457763672,28.350000381469727,23.98263931274414,5083800
2020-03-05,27.1200008392334,27.459999084472656,26.440000534057617,26.959999084472656,23.08361053466797,5387700
2020-03-06,26.43000030517578,26.8799991607666,25.829999923706055,26.600000381469727,22.775371551513672,6246100
2020-03-09,24.90999984741211,24.90999984741211,23.56999969482422,23.950000762939453,20.506399154663086,7142500
2020-03-10,24.790000915527344,24.989999771118164,22.860000610351562,24.43000030517578,20.917383193969727,5058500
2020-03-11,23.690000534057617,23.829999923706055,21.75,22.459999084472656,19.23063087463379,9036400
2020-03-12,20.489999771118164,20.65999984741211,18.200000762939453,18.65999984741211,15.977008819580078,9462600
2020-03-13,20.049999237060547,21.920000076293945,18.65999984741211,21.920000076293945,18.76827621459961,9280300
2020-03-16,19.030000686645508,20.06999969482422,16.950000762939453,16.950000762939453,14.51287841796875,7892300
2020-03-17,17.360000610351562,18.950000762939453,16.6299991607666,18.950000762939453,16.225309371948242,6586000
2020-03-18,17.350000381469727,18.049999237060547,15.970000267028809,16.25,13.913524627685547,7446800
2020-03-19,16.280000686645508,16.760000228881836,15.029999732971191,16.139999389648438,13.819344520568848,8253600
2020-03-20,16.3799991607666,16.450000762939453,14.600000381469727,14.760000228881836,12.637762069702148,10024700
2020-03-23,14.5,14.6899995803833,13.100000381469727,13.470000267028809,11.533244132995605,9656300
2020-03-24,14.3100004196167,16.899999618530273,14.15999984741211,16.8799991607666,14.452943801879883,8684400
2020-03-25,16.65999984741211,19.270000457763672,16.31999969482422,17.719999313354492,15.17216682434082,7067100
2020-03-26,17.829999923706055,18.56999969482422,17.31999969482422,18.280000686645508,15.651643753051758,6600300
2020-03-27,17.510000228881836,17.959999084472656,17.059999465942383,17.200000762939453,14.72693157196045,5939300
2020-03-30,17.18000030517578,17.59000015258789,16.75,16.950000762939453,14.51287841796875,6152200
2020-03-31,16.700000762939453,17.219999313354492,15.84000015258789,16.950000762939453,14.51287841796875,10328600
2020-04-01,15.869999885559082,16.31999969482422,15.350000381469727,16.1200008392334,13.80221939086914,9540600
2020-04-02,15.960000038146973,16.479999542236328,15.5,15.84000015258789,13.562478065490723,7303600
2020-04-03,15.630000114440918,15.970000267028809,15.109999656677246,15.34000015258789,13.134367942810059,6138200
2020-04-06,16.399999618530273,17.34000015258789,16.1200008392334,17.100000381469727,14.64130973815918,8641200
2020-04-07,18.06999969482422,18.829999923706055,17.229999542236328,17.290000915527344,14.80399227142334,7054600
2020-04-08,17.670000076293945,19.559999465942383,17.3700008392334,19.459999084472656,16.661983489990234,6720200
2020-04-09,20.0,21.270000457763672,20.0,21.010000228881836,17.989120483398438,7416500
2020-04-13,20.940000534057617,20.940000534057617,19.799999237060547,20.100000381469727,17.209962844848633,4780400
2020-04-14,20.40999984741211,20.75,20.219999313354492,20.329999923706055,17.406892776489258,3967500
2020-04-15,19.479999542236328,19.760000228881836,18.75,19.1200008392334,16.37087059020996,4559600
2020-04-16,19.139999389648438,19.15999984741211,18.389999389648438,18.969999313354492,16.242441177368164,3196300
2020-04-17,19.68000030517578,20.190000534057617,19.68000030517578,20.100000381469727,17.209962844848633,4786900
2020-04-20,19.6200008392334,19.81999969482422,19.170000076293945,19.18000030517578,16.4222412109375,4335300
2020-04-21,18.540000915527344,19.09000015258789,18.469999313354492,18.760000228881836,16.062631607055664,4913200
2020-04-22,19.170000076293945,19.260000228881836,18.799999237060547,19.020000457763672,16.285249710083008,4561200
2020-04-23,19.149999618530273,19.520000457763672,18.8700008392334,18.979999542236328,16.250999450683594,4433800
2020-04-24,19.15999984741211,19.81999969482422,18.959999084472656,19.610000610351562,16.79041862487793,3279200
2020-04-27,19.850000381469727,20.760000228881836,19.850000381469727,20.65999984741211,17.689443588256836,3557300
2020-04-28,21.149999618530273,21.649999618530273,20.920000076293945,21.3700008392334,18.297359466552734,4365100
2020-04-29,21.739999771118164,22.709999084472656,21.65999984741211,22.360000610351562,19.14501190185547,4741400
2020-04-30,21.979999542236328,22.1299991607666,21.229999542236328,21.8700008392334,18.725467681884766,4169500
2020-05-01,19.68000030517578,19.719999313354492,17.670000076293945,17.969999313354492,15.386219024658203,12267500
2020-05-04,17.600000381469727,18.079999923706055,17.149999618530273,17.780000686645508,15.223538398742676,7994800
2020-05-05,18.010000228881836,18.530000686645508,17.479999542236328,17.520000457763672,15.000922203063965,7780000
2020-05-06,17.600000381469727,18.299999237060547,17.59000015258789,18.229999542236328,15.60883617401123,6631200
2020-05-07,18.5,19.06999969482422,18.3799991607666,18.6299991607666,15.951321601867676,6957400
2020-05-08,19.139999389648438,19.8700008392334,19.049999237060547,19.850000381469727,16.995908737182617,5763000
2020-05-11,19.559999465942383,19.59000015258789,18.969999313354492,19.350000381469727,16.56779670715332,4936300
2020-05-12,19.3700008392334,19.520000457763672,18.200000762939453,18.200000762939453,15.583148956298828,4733200
2020-05-13,18.049999237060547,18.100000381469727,17.020000457763672,17.049999237060547,14.59850025177002,8312300
2020-05-14,16.719999313354492,17.399999618530273,16.049999237060547,17.3799991607666,14.881049156188965,6867500
2020-05-15,17.15999984741211,17.690000534057617,16.81999969482422,17.329999923706055,14.838238716125488,5329100
2020-05-18,18.209999084472656,19.5,18.209999084472656,19.170000076293945,16.413684844970703,7345800
2020-05-19,19.040000915527344,19.360000610351562,18.440000534057617,18.520000457763672,15.857138633728027,5516100
2020-05-20,18.770000457763672,19.600000381469727,18.770000457763672,19.479999542236328,16.679109573364258,5274400
2020-05-21,19.360000610351562,19.93000030517578,19.329999923706055,19.450000762939453,16.65342140197754,3835000
2020-05-22,19.450000762939453,19.790000915527344,19.290000915527344,19.780000686645508,16.935976028442383,4152400
2020-05-26,21.0,21.290000915527344,20.860000610351562,21.100000381469727,18.066177368164062,8447700
2020-05-27,21.889999389648438,22.1299991607666,21.459999084472656,21.850000381469727,18.708341598510742,8324600
2020-05-28,22.1299991607666,22.1299991607666,21.149999618530273,21.440000534057617,18.357295989990234,5640000
2020-05-29,21.1299991607666,21.3799991607666,19.780000686645508,20.190000534057617,17.287019729614258,11299800
2020-06-01,20.219999313354492,21.3700008392334,20.1299991607666,21.049999237060547,18.02337074279785,5384400
2020-06-02,21.34000015258789,21.899999618530273,21.239999771118164,21.700000762939453,18.579910278320312,4758000
2020-06-03,22.170000076293945,22.40999984741211,22.040000915527344,22.1200008392334,18.93952178955078,4155200
2020-06-04,22.06999969482422,22.709999084472656,21.959999084472656,22.290000915527344,19.08507537841797,5030900
2020-06-05,23.479999542236328,23.790000915527344,23.1200008392334,23.420000076293945,20.05259895324707,5856400
2020-06-08,24.149999618530273,24.93000030517578,24.06999969482422,24.639999389648438,21.097183227539062,7837700
2020-06-09,23.389999389648438,23.950000762939453,23.06999969482422,23.75,20.335153579711914,5468200
2020-06-10,23.549999237060547,23.649999618530273,22.530000686645508,22.809999465942383,19.530309677124023,5035300
2020-06-11,21.329999923706055,21.84000015258789,20.530000686645508,20.670000076293945,17.69800567626953,7939900
2020-06-12,21.639999389648438,22.170000076293945,21.1299991607666,21.760000228881836,18.63127899169922,5595000
2020-06-15,20.860000610351562,22.3799991607666,20.770000457763672,22.100000381469727,18.922395706176758,5687500
2020-06-16,23.139999389648438,23.299999237060547,22.299999237060547,23.030000686645508,19.71867561340332,6497200
2020-06-17,23.139999389648438,23.190000534057617,22.350000381469727,22.3799991607666,19.16213607788086,7383600
2020-06-18,22.030000686645508,22.549999237060547,21.940000534057617,22.40999984741211,19.187824249267578,6391000
2020-06-19,22.780000686645508,23.1299991607666,22.239999771118164,22.700000762939453,19.43612289428711,16745800
2020-06-22,22.540000915527344,22.75,22.06999969482422,22.520000457763672,19.282005310058594,7308900
2020-06-23,22.860000610351562,23.0,22.559999465942383,22.770000457763672,19.496061325073242,7201100
2020-06-24,22.3799991607666,22.600000381469727,21.6299991607666,21.75,18.622718811035156,6231100
2020-06-25,21.5,22.020000457763672,21.190000534057617,21.989999771118164,18.828210830688477,4290900
2020-06-26,21.760000228881836,21.920000076293945,21.290000915527344,21.489999771118164,18.40010643005371,6559400
2020-06-29,21.809999465942383,22.270000457763672,21.489999771118164,22.18000030517578,18.990894317626953,3251800
2020-06-30,22.209999084472656,22.610000610351562,22.079999923706055,22.459999084472656,19.23063087463379,4171200
2020-07-01,22.600000381469727,22.690000534057617,22.020000457763672,22.200000762939453,19.008018493652344,2807400
2020-07-02,22.65999984741211,23.229999542236328,22.15999984741211,22.239999771118164,19.042268753051758,4237500
2020-07-06,22.8700008392334,22.940000534057617,22.440000534057617,22.56999969482422,19.324817657470703,3782900
2020-07-07,22.25,22.5,22.030000686645508,22.200000762939453,19.008018493652344,4030000
2020-07-08,22.350000381469727,22.760000228881836,22.1200008392334,22.670000076293945,19.410442352294922,4239600
2020-07-09,22.540000915527344,22.829999923706055,22.31999969482422,22.610000610351562,19.35906410217285,5045600
2020-07-10,22.729999542236328,23.719999313354492,22.6200008392334,23.690000534057617,20.283782958984375,8283000
2020-07-13,23.959999084472656,24.43000030517578,23.700000762939453,23.75,20.335153579711914,6245700
2020-07-14,23.760000228881836,24.530000686645508,23.610000610351562,24.459999084472656,20.943069458007812,5215500
2020-07-15,24.93000030517578,25.190000534057617,24.68000030517578,25.059999465942383,21.45680046081543,6422500
2020-07-16,24.93000030517578,25.479999542236328,24.469999313354492,25.139999389648438,21.525297164916992,4317900
2020-07-17,25.420000076293945,25.989999771118164,25.280000686645508,25.950000762939453,22.218833923339844,5519300
2020-07-20,25.729999542236328,25.950000762939453,25.59000015258789,25.6299991607666,21.94483757019043,3437100
2020-07-21,25.860000610351562,26.030000686645508,25.579999923706055,25.68000030517578,21.987655639648438,4942400
2020-07-22,25.5,26.190000534057617,25.5,26.110000610351562,22.35582733154297,4188300
2020-07-23,25.979999542236328,26.729999542236328,25.899999618530273,26.40999984741211,22.61269187927246,4513100
2020-07-24,26.329999923706055,26.43000030517578,25.81999969482422,26.110000610351562,22.35582733154297,5207000
2020-07-27,26.290000915527344,27.639999389648438,26.1200008392334,27.479999542236328,23.528844833374023,6734500
2020-07-28,27.420000076293945,27.479999542236328,26.979999542236328,27.25,23.331911087036133,5674000
2020-07-29,27.440000534057617,28.440000534057617,27.280000686645508,28.350000381469727,24.273752212524414,5825400
2020-07-30,27.850000381469727,28.440000534057617,27.469999313354492,28.399999618530273,24.316566467285156,6535700
2020-07-31,28.770000457763672,29.030000686645508,27.40999984741211,27.809999465942383,23.811397552490234,11492000
2020-08-03,27.40999984741211,28.18000030517578,27.309999465942383,28.0,23.974075317382812,4839100
2020-08-04,27.799999237060547,27.950000762939453,27.489999771118164,27.829999923706055,23.82851791381836,6488200
2020-08-05,28.260000228881836,28.5,28.18000030517578,28.350000381469727,24.273752212524414,4134300
2020-08-06,28.1200008392334,28.459999084472656,27.770000457763672,28.010000228881836,23.98263931274414,3524400
2020-08-07,27.93000030517578,28.360000610351562,27.809999465942383,28.350000381469727,24.273752212524414,3187100
2020-08-10,28.389999389648438,28.850000381469727,28.280000686645508,28.809999465942383,24.667613983154297,6062500
2020-08-11,29.149999618530273,29.610000610351562,28.829999923706055,28.889999389648438,24.736112594604492,4798900
2020-08-12,29.079999923706055,29.329999923706055,28.93000030517578,29.200000762939453,25.001537322998047,2876600
2020-08-13,29.059999465942383,29.139999389648438,28.40999984741211,28.5,24.402185440063477,3021800
2020-08-14,28.520000457763672,28.59000015258789,28.1200008392334,28.360000610351562,24.282316207885742,3547700
2020-08-17,28.389999389648438,29.239999771118164,28.260000228881836,28.959999084472656,24.796043395996094,4833500
2020-08-18,29.059999465942383,29.34000015258789,28.84000015258789,28.8799991607666,24.7275447845459,3023000
2020-08-19,28.920000076293945,29.420000076293945,28.90999984741211,28.969999313354492,24.804607391357422,5322700
2020-08-20,28.760000228881836,29.40999984741211,28.700000762939453,29.0,24.830289840698242,5168000
2020-08-21,29.059999465942383,29.18000030517578,28.81999969482422,28.81999969482422,24.676172256469727,4295500
2020-08-24,29.100000381469727,29.219999313354492,28.84000015258789,29.209999084472656,25.010101318359375,4933100
2020-08-25,29.329999923706055,29.34000015258789,28.700000762939453,29.149999618530273,24.95872688293457,4868200
2020-08-26,29.149999618530273,29.549999237060547,28.989999771118164,29.360000610351562,25.138534545898438,4157100
2020-08-27,29.549999237060547,30.200000762939453,29.479999542236328,30.15999984741211,25.82350730895996,6651500
2020-08-28,30.270000457763672,31.15999984741211,30.040000915527344,30.889999389648438,26.44853973388672,6167500
2020-08-31,30.889999389648438,30.899999618530273,30.09000015258789,30.309999465942383,25.951936721801758,5436800
2020-09-01,30.15999984741211,30.8700008392334,29.850000381469727,30.780000686645508,26.354360580444336,3424000
2020-09-02,30.75,30.809999465942383,30.15999984741211,30.780000686645508,26.354360580444336,7513200
2020-09-03,30.989999771118164,31.0,29.540000915527344,29.780000686645508,25.49814224243164,7682700
2020-09-04,29.969999313354492,30.18000030517578,28.709999084472656,29.040000915527344,24.86454200744629,5325600
2020-09-08,28.649999618530273,28.760000228881836,27.950000762939453,28.09000015258789,24.051137924194336,5727500
2020-09-09,28.389999389648438,29.1299991607666,28.239999771118164,28.690000534057617,24.56486701965332,4624600
2020-09-10,28.719999313354492,29.239999771118164,28.489999771118164,28.549999237060547,24.444995880126953,4394300
2020-09-11,28.65999984741211,28.81999969482422,28.170000076293945,28.43000030517578,24.342248916625977,3521600
2020-09-14,28.829999923706055,28.979999542236328,28.549999237060547,28.93000030517578,24.770357131958008,3168800
2020-09-15,29.0,29.15999984741211,28.510000228881836,28.760000228881836,24.624801635742188,4344900
2020-09-16,28.920000076293945,29.219999313354492,28.389999389648438,28.93000030517578,24.770357131958008,4938900
2020-09-17,28.549999237060547,28.889999389648438,28.209999084472656,28.68000030517578,24.556303024291992,3870100
2020-09-18,28.31999969482422,28.829999923706055,27.729999542236328,27.729999542236328,23.742895126342773,6933900
2020-09-21,27.170000076293945,27.25,26.6200008392334,26.850000381469727,22.989423751831055,5139100
2020-09-22,26.979999542236328,27.81999969482422,26.809999465942383,27.719999313354492,23.734333038330078,4635400
2020-09-23,27.780000686645508,27.860000610351562,26.75,26.850000381469727,22.989423751831055,4088100
2020-09-24,26.850000381469727,27.440000534057617,26.510000228881836,26.979999542236328,23.10073471069336,3549000
2020-09-25,26.709999084472656,27.3700008392334,26.549999237060547,27.280000686645508,23.35759925842285,2876400
2020-09-28,28.010000228881836,28.40999984741211,27.610000610351562,28.309999465942383,24.239503860473633,3425400
2020-09-29,28.40999984741211,28.610000610351562,27.850000381469727,28.049999237060547,24.016881942749023,2999600
2020-09-30,28.209999084472656,28.81999969482422,28.1200008392334,28.520000457763672,24.419309616088867,5068000
2020-10-01,28.68000030517578,28.950000762939453,28.25,28.790000915527344,24.650489807128906,4168400
2020-10-02,28.09000015258789,29.270000457763672,27.93000030517578,29.110000610351562,24.924476623535156,4856400
2020-10-05,29.209999084472656,29.84000015258789,29.110000610351562,29.729999542236328,25.45532989501953,3270100
2020-10-06,30.0,30.0,28.93000030517578,28.989999771118164,24.82172966003418,4686000
2020-10-07,29.389999389648438,29.75,29.360000610351562,29.520000457763672,25.275524139404297,2986200
2020-10-08,29.709999084472656,30.280000686645508,29.549999237060547,30.260000228881836,25.909128189086914,3055800
2020-10-09,30.510000228881836,30.540000915527344,29.170000076293945,29.31999969482422,25.104280471801758,4259200
2020-10-12,29.420000076293945,29.850000381469727,29.209999084472656,29.700000762939453,25.42964744567871,2437900
2020-10-13,29.43000030517578,29.649999618530273,29.149999618530273,29.309999465942383,25.09571647644043,2486300
2020-10-14,29.389999389648438,29.770000457763672,29.25,29.260000228881836,25.05290985107422,2530500
2020-10-15,28.93000030517578,29.84000015258789,28.790000915527344,29.790000915527344,25.50670623779297,3238300
2020-10-16,29.850000381469727,29.889999389648438,29.450000762939453,29.530000686645508,25.284088134765625,2871900
2020-10-19,29.670000076293945,29.8799991607666,29.15999984741211,29.299999237060547,25.087160110473633,3596700
2020-10-20,29.68000030517578,30.200000762939453,29.479999542236328,30.110000610351562,25.780696868896484,4736600
2020-10-21,30.079999923706055,30.389999389648438,29.780000686645508,29.860000610351562,25.566638946533203,4301100
2020-10-22,29.8799991607666,29.93000030517578,29.100000381469727,29.110000610351562,24.924476623535156,4677100
2020-10-23,29.350000381469727,29.559999465942383,28.979999542236328,29.43000030517578,25.19846534729004,2704000
2020-10-26,29.059999465942383,29.25,28.209999084472656,28.450000762939453,24.359376907348633,4065300
2020-10-27,28.3700008392334,28.469999313354492,27.540000915527344,27.559999465942383,23.59733772277832,3098900
2020-10-28,26.90999984741211,27.68000030517578,26.700000762939453,27.43000030517578,23.48603057861328,5201400
2020-10-29,27.329999923706055,28.6299991607666,27.15999984741211,28.40999984741211,24.325124740600586,4253000
2020-10-30,28.149999618530273,28.270000457763672,26.56999969482422,27.290000915527344,23.36616325378418,6824300
2020-11-02,27.809999465942383,28.260000228881836,27.56999969482422,28.1200008392334,24.07682228088379,5033400
2020-11-03,28.559999465942383,28.75,28.1299991607666,28.389999389648438,24.30800437927246,4439600
2020-11-04,28.5,28.8700008392334,28.09000015258789,28.479999542236328,24.38506507873535,3221400
2020-11-05,28.84000015258789,29.270000457763672,28.68000030517578,28.799999237060547,24.659048080444336,3181100
2020-11-06,28.850000381469727,28.889999389648438,28.149999618530273,28.280000686645508,24.213815689086914,3129100
2020-11-09,30.0,30.3799991607666,28.079999923706055,28.139999389648438,24.093944549560547,7114100
2020-11-10,27.920000076293945,28.030000686645508,27.399999618530273,27.780000686645508,23.785709381103516,5833800
2020-11-11,28.040000915527344,28.809999465942383,27.59000015258789,28.389999389648438,24.30800437927246,5141000
2020-11-12,28.329999923706055,28.600000381469727,27.5,27.75,23.760021209716797,4383700
2020-11-13,28.049999237060547,29.190000534057617,27.959999084472656,29.139999389648438,24.95016098022461,4065600
2020-11-16,29.59000015258789,29.709999084472656,29.110000610351562,29.360000610351562,25.138534545898438,2590500
2020-11-17,29.040000915527344,29.3799991607666,28.700000762939453,29.18000030517578,24.984413146972656,2881800
2020-11-18,29.1299991607666,29.530000686645508,28.770000457763672,28.780000686645508,24.641929626464844,2651900
2020-11-19,28.760000228881836,29.049999237060547,28.450000762939453,29.020000457763672,24.847415924072266,2638300
2020-11-20,29.09000015258789,29.399999618530273,28.56999969482422,28.75,24.616241455078125,4618100
2020-11-23,28.899999618530273,29.309999465942383,28.59000015258789,29.110000610351562,24.924476623535156,3498600
2020-11-24,29.459999084472656,29.469999313354492,29.139999389648438,29.239999771118164,25.035783767700195,3613200
2020-11-25,29.139999389648438,29.209999084472656,28.68000030517578,29.1299991607666,24.941600799560547,2728900
2020-11-27,29.200000762939453,29.25,28.56999969482422,28.709999084472656,24.581989288330078,1440700
2020-11-30,28.670000076293945,29.059999465942383,28.25,29.040000915527344,24.86454200744629,6034700
2020-12-01,29.309999465942383,29.5,28.989999771118164,29.270000457763672,25.061471939086914,3523400
2020-12-02,29.1200008392334,29.1200008392334,28.549999237060547,28.889999389648438,24.736112594604492,2554000
2020-12-03,28.84000015258789,29.780000686645508,28.809999465942383,29.489999771118164,25.399301528930664,5563600
2020-12-04,30.0,31.049999237060547,29.920000076293945,30.719999313354492,26.458677291870117,7325900
2020-12-07,30.719999313354492,30.719999313354492,29.829999923706055,30.229999542236328,26.036653518676758,3579600
2020-12-08,30.049999237060547,31.020000457763672,29.889999389648438,30.799999237060547,26.527584075927734,4664900
2020-12-09,31.06999969482422,31.790000915527344,30.920000076293945,31.709999084472656,27.31135368347168,7236200
2020-12-10,31.540000915527344,31.760000228881836,31.190000534057617,31.75,27.34580421447754,5125500
2020-12-11,31.399999618530273,32.060001373291016,31.25,32.0,27.561124801635742,4051200
2020-12-14,32.27000045776367,33.0,32.13999938964844,32.36000061035156,27.87118911743164,4789900
2020-12-15,32.470001220703125,33.560001373291016,32.470001220703125,33.560001373291016,28.90473175048828,5407900
2020-12-16,33.66999816894531,33.97999954223633,33.45000076293945,33.900001525878906,29.197566986083984,4375700
2020-12-17,34.0,34.709999084472656,33.95000076293945,34.459999084472656,29.67989158630371,5326300
2020-12-18,34.38999938964844,34.5,33.5,33.7400016784668,29.059762954711914,7757000
2020-12-21,33.16999816894531,33.529998779296875,32.779998779296875,33.33000183105469,28.706636428833008,3345300
2020-12-22,33.47999954223633,33.650001525878906,33.08000183105469,33.349998474121094,28.723857879638672,2312600
2020-12-23,33.7599983215332,34.29999923706055,33.58000183105469,33.61000061035156,28.947795867919922,4237800
2020-12-24,33.709999084472656,33.880001068115234,33.5,33.849998474121094,29.154502868652344,1135400
2020-12-28,34.0,34.08000183105469,33.56999969482422,33.709999084472656,29.03392219543457,2541700
2020-12-29,33.83000183105469,34.029998779296875,33.2599983215332,33.33000183105469,28.706636428833008,1988100
2020-12-30,33.40999984741211,34.0099983215332,33.2400016784668,33.650001525878906,28.98224639892578,2128900
2020-12-31,33.68000030517578,33.72999954223633,33.189998626708984,33.529998779296875,28.878890991210938,2633400
2021-01-04,33.529998779296875,33.66999816894531,32.599998474121094,32.810001373291016,28.25876808166504,4859100
2021-01-05,32.869998931884766,33.31999969482422,32.810001373291016,33.119998931884766,28.5257625579834,3909000
2021-01-06,33.22999954223633,33.59000015258789,32.91999816894531,33.290000915527344,28.672183990478516,5602100
2021-01-07,33.5,33.810001373291016,33.29999923706055,33.61000061035156,28.947795867919922,3984700
2021-01-08,33.810001373291016,34.36000061035156,33.2400016784668,33.380001068115234,28.74970245361328,4376000
2021-01-11,33.0099983215332,33.400001525878906,32.900001525878906,33.099998474121094,28.50853729248047,4554100
2021-01-12,33.0,33.18000030517578,32.560001373291016,32.709999084472656,28.17263412475586,3958200
2021-01-13,32.7400016784668,33.02000045776367,32.099998474121094,32.15999984741211,27.698930740356445,4096600
2021-01-14,32.5,33.11000061035156,32.27000045776367,32.66999816894531,28.138185501098633,3286800
2021-01-15,32.38999938964844,32.650001525878906,31.889999389648438,32.52000045776367,28.00899314880371,2512100
2021-01-19,32.72999954223633,32.97999954223633,32.439998626708984,32.70000076293945,28.164026260375977,2997600
2021-01-20,32.7400016784668,33.66999816894531,32.599998474121094,33.540000915527344,28.88750457763672,3678100
2021-01-21,33.29999923706055,33.529998779296875,33.029998779296875,33.34000015258789,28.715246200561523,5861700
2021-01-22,33.16999816894531,33.36000061035156,32.56999969482422,33.209999084472656,28.60327911376953,6098600
2021-01-25,33.220001220703125,33.7599983215332,33.119998931884766,33.5,28.853057861328125,5690100
2021-01-26,33.599998474121094,33.86000061035156,33.130001068115234,33.13999938964844,28.542991638183594,4191500
2021-01-27,32.7599983215332,33.099998474121094,31.559999465942383,32.20000076293945,27.733383178710938,5528100
2021-01-28,32.470001220703125,33.29999923706055,32.279998779296875,33.02000045776367,28.439634323120117,4746400
2021-01-29,32.599998474121094,33.099998474121094,30.969999313354492,31.190000534057617,26.863487243652344,7555000
2021-02-01,31.420000076293945,32.04999923706055,30.8700008392334,32.040000915527344,27.59557342529297,5695000
2021-02-02,32.25,32.5099983215332,31.75,32.45000076293945,27.948699951171875,4107300
2021-02-03,32.529998779296875,34.02000045776367,32.31999969482422,33.9900016784668,29.27509117126465,8832600
2021-02-04,33.90999984741211,34.310001373291016,33.540000915527344,33.959999084472656,29.24924659729004,4843300
2021-02-05,34.15999984741211,34.560001373291016,33.849998474121094,34.400001525878906,29.628206253051758,3895200
2021-02-08,34.630001068115234,35.189998626708984,34.43000030517578,35.15999984741211,30.28277587890625,4473300
2021-02-09,35.150001525878906,35.22999954223633,34.540000915527344,34.56999969482422,29.774625778198242,3781200
2021-02-10,34.77000045776367,34.83000183105469,34.16999816894531,34.400001525878906,29.628206253051758,3067800
2021-02-11,34.470001220703125,34.52000045776367,33.75,34.25,29.4990177154541,3182600
2021-02-12,34.060001373291016,35.130001068115234,34.0,35.040000915527344,30.179431915283203,4860600
2021-02-16,35.15999984741211,35.619998931884766,34.72999954223633,34.88999938964844,30.050249099731445,4276500
2021-02-17,34.720001220703125,34.849998474121094,33.81999969482422,34.15999984741211,29.4215030670166,3165400
2021-02-18,34.150001525878906,34.25,33.58000183105469,33.810001373291016,29.120052337646484,3435600
2021-02-19,33.91999816894531,35.380001068115234,33.810001373291016,34.9900016784668,30.136369705200195,4216600
2021-02-22,35.029998779296875,35.849998474121094,34.810001373291016,35.47999954223633,30.558401107788086,5158900
2021-02-23,35.529998779296875,35.54999923706055,34.4900016784668,35.029998779296875,30.170822143554688,4866600
2021-02-24,34.849998474121094,35.97999954223633,34.84000015258789,35.900001525878906,30.92013931274414,5052300
2021-02-25,35.72999954223633,36.220001220703125,34.34000015258789,34.41999816894531,29.64543342590332,6591700
2021-02-26,34.380001068115234,34.810001373291016,33.72999954223633,33.869998931884766,29.171728134155273,6625700
2021-03-01,34.41999816894531,35.529998779296875,34.41999816894531,35.060001373291016,30.196657180786133,4832100
2021-03-02,35.0,35.0,33.779998779296875,33.790000915527344,29.102827072143555,5818900
2021-03-03,33.95000076293945,34.15999984741211,33.33000183105469,33.529998779296875,28.878890991210938,5190800
2021-03-04,33.31999969482422,33.90999984741211,32.33000183105469,32.810001373291016,28.402772903442383,6434800
2021-03-05,33.09000015258789,33.849998474121094,31.799999237060547,33.7599983215332,29.225162506103516,6674000
2021-03-08,33.939998626708984,34.75,33.68000030517578,34.040000915527344,29.46755027770996,3715200
2021-03-09,34.369998931884766,34.77000045776367,34.310001373291016,34.38999938964844,29.770538330078125,4032200
2021-03-10,34.790000915527344,35.81999969482422,34.63999938964844,35.540000915527344,30.76605796813965,3655700
2021-03-11,35.5099983215332,36.16999816894531,35.470001220703125,35.66999816894531,30.87859535217285,3805900
2021-03-12,35.72999954223633,35.95000076293945,35.349998474121094,35.90999984741211,31.086360931396484,4776500
2021-03-15,35.79999923706055,36.119998931884766,35.150001525878906,36.09000015258789,31.242185592651367,3649400
2021-03-16,36.04999923706055,36.099998474121094,35.560001373291016,35.630001068115234,30.843975067138672,3760100
2021-03-17,35.5,36.150001525878906,35.099998474121094,36.150001525878906,31.29412841796875,4903900
2021-03-18,35.970001220703125,36.06999969482422,34.369998931884766,34.470001220703125,29.839794158935547,3895900
2021-03-19,34.38999938964844,34.65999984741211,33.810001373291016,33.880001068115234,29.329042434692383,7337900
2021-03-22,33.790000915527344,34.52000045776367,33.439998626708984,34.290000915527344,29.683971405029297,3708300
2021-03-23,34.540000915527344,35.0099983215332,33.41999816894531,33.560001373291016,29.052026748657227,3242700
2021-03-24,33.630001068115234,34.4900016784668,33.5099983215332,33.810001373291016,29.268447875976562,3524800
2021-03-25,33.65999984741211,34.849998474121094,33.43000030517578,34.790000915527344,30.11680793762207,3848300
2021-03-26,35.0,35.5099983215332,34.68000030517578,35.439998626708984,30.67949676513672,3943700
2021-03-29,35.31999969482422,35.83000183105469,34.810001373291016,35.209999084472656,30.48039436340332,2817200
2021-03-30,35.27000045776367,35.720001220703125,34.95000076293945,35.45000076293945,30.688156127929688,2318000
2021-03-31,35.369998931884766,36.209999084472656,35.209999084472656,35.599998474121094,30.817995071411133,4275500
2021-04-01,35.9900016784668,36.880001068115234,35.900001525878906,36.84000015258789,31.89144515991211,3793700
2021-04-05,37.0099983215332,37.279998779296875,36.52000045776367,36.7400016784668,31.804872512817383,5538400
2021-04-06,36.70000076293945,37.279998779296875,36.560001373291016,37.13999938964844,32.15113830566406,4729400
2021-04-07,37.16999816894531,37.27000045776367,36.439998626708984,36.83000183105469,31.882789611816406,4567200
2021-04-08,36.84000015258789,37.220001220703125,36.70000076293945,37.029998779296875,32.055912017822266,2698000
2021-04-09,37.0,37.650001525878906,36.93000030517578,37.540000915527344,32.49740982055664,3448000
2021-04-12,37.58000183105469,37.79999923706055,36.86000061035156,37.310001373291016,32.29831314086914,4097500
2021-04-13,37.36000061035156,37.470001220703125,37.0,37.41999816894531,32.393531799316406,4003700
2021-04-14,37.369998931884766,38.4900016784668,37.16999816894531,38.02000045776367,32.91292953491211,4457500
2021-04-15,38.27000045776367,38.7400016784668,38.099998474121094,38.5099983215332,33.33711624145508,3442400
2021-04-16,38.79999923706055,39.47999954223633,38.779998779296875,39.31999969482422,34.03831100463867,3904400
2021-04-19,39.400001525878906,39.779998779296875,38.779998779296875,38.880001068115234,33.65741729736328,4544600
2021-04-20,38.709999084472656,39.220001220703125,38.099998474121094,38.380001068115234,33.224578857421875,4391100
2021-04-21,38.400001525878906,38.5,37.97999954223633,38.20000076293945,33.06875991821289,4629800
2021-04-22,38.189998626708984,38.43000030517578,37.720001220703125,37.83000183105469,32.74845504760742,5159100
2021-04-23,38.20000076293945,38.529998779296875,38.0,38.20000076293945,33.06875991821289,4895500
2021-04-26,39.279998779296875,39.630001068115234,38.72999954223633,38.84000015258789,33.62278366088867,6518100
2021-04-27,39.439998626708984,39.880001068115234,39.040000915527344,39.380001068115234,34.09025573730469,5912100
2021-04-28,39.33000183105469,40.119998931884766,39.310001373291016,39.77000045776367,34.427860260009766,6460700
2021-04-29,40.27000045776367,40.560001373291016,39.279998779296875,39.63999938964844,34.31531524658203,5712000
2021-04-30,38.349998474121094,38.91999816894531,37.02000045776367,38.77000045776367,33.56218719482422,11960700
2021-05-03,38.939998626708984,39.68000030517578,38.22999954223633,39.369998931884766,34.08158874511719,6368400
2021-05-04,39.4900016784668,39.75,38.91999816894531,39.189998626708984,33.92577362060547,5760300
2021-05-05,39.209999084472656,39.279998779296875,38.41999816894531,38.560001373291016,33.38040542602539,6584900
2021-05-06,38.619998931884766,39.279998779296875,38.380001068115234,39.220001220703125,33.951744079589844,5737200
2021-05-07,39.540000915527344,40.18000030517578,39.36000061035156,40.0,34.62697219848633,5524000
2021-05-10,40.25,41.68000030517578,40.08000183105469,40.790000915527344,35.310848236083984,6567100
2021-05-11,40.099998474121094,40.2400016784668,39.11000061035156,39.63999938964844,34.31531524658203,6147200
2021-05-12,39.56999969482422,39.56999969482422,37.5,37.619998931884766,32.5666618347168,6169600
2021-05-13,37.91999816894531,38.5,37.63999938964844,38.119998931884766,32.99949645996094,4580900
2021-05-14,38.31999969482422,38.75,38.15999984741211,38.310001373291016,33.163978576660156,4172700
2021-05-17,38.22999954223633,38.310001373291016,37.84000015258789,38.06999969482422,32.956214904785156,4449800
2021-05-18,38.18000030517578,38.18000030517578,37.22999954223633,37.31999969482422,32.30695724487305,7535400
2021-05-19,36.459999084472656,37.31999969482422,35.58000183105469,37.279998779296875,32.272335052490234,12024800
2021-05-20,37.2400016784668,37.4900016784668,36.720001220703125,37.119998931884766,32.13382339477539,5639200
2021-05-21,37.2400016784668,37.439998626708984,36.91999816894531,37.040000915527344,32.06456756591797,4788100
2021-05-24,37.349998474121094,37.45000076293945,37.02000045776367,37.150001525878906,32.1598014831543,3081400
2021-05-25,37.25,37.72999954223633,37.08000183105469,37.2599983215332,32.25502395629883,4092600
2021-05-26,37.59000015258789,38.16999816894531,37.5,37.93000030517578,32.835018157958984,6129000
2021-05-27,38.0,38.63999938964844,37.9900016784668,38.31999969482422,33.172637939453125,9088100
2021-05-28,38.560001373291016,38.689998626708984,37.709999084472656,37.959999084472656,32.86098861694336,4410700
2021-06-01,38.2400016784668,38.72999954223633,37.9900016784668,38.63999938964844,33.449649810791016,4566100
2021-06-02,38.869998931884766,38.869998931884766,37.56999969482422,37.7599983215332,32.687862396240234,5697000
2021-06-03,37.22999954223633,37.34000015258789,36.22999954223633,36.290000915527344,31.55738639831543,6950700
2021-06-04,36.540000915527344,36.779998779296875,35.81999969482422,36.0099983215332,31.313901901245117,7619300
2021-06-07,36.02000045776367,36.18000030517578,35.650001525878906,35.70000076293945,31.044336318969727,6607600
2021-06-08,35.810001373291016,35.91999816894531,35.45000076293945,35.56999969482422,30.931289672851562,7524000
2021-06-09,35.83000183105469,36.29999923706055,35.29999923706055,36.029998779296875,31.3312931060791,5571000
2021-06-10,36.189998626708984,36.20000076293945,34.97999954223633,35.0,30.435623168945312,6748100
2021-06-11,34.970001220703125,35.41999816894531,34.86000061035156,35.31999969482422,30.713886260986328,5731800
2021-06-14,35.29999923706055,35.380001068115234,34.220001220703125,34.529998779296875,30.026920318603516,7715800
2021-06-15,34.43000030517578,34.790000915527344,34.0099983215332,34.66999816894531,30.148656845092773,5368500
2021-06-16,34.72999954223633,34.9900016784668,34.33000183105469,34.380001068115234,29.8964786529541,5194000
2021-06-17,34.31999969482422,34.41999816894531,33.33000183105469,34.040000915527344,29.60081672668457,5566100
2021-06-18,33.59000015258789,33.95000076293945,33.380001068115234,33.40999984741211,29.052978515625,8558000
2021-06-21,33.61000061035156,34.36000061035156,33.54999923706055,34.2599983215332,29.79212188720703,4646200
2021-06-22,34.31999969482422,34.369998931884766,33.91999816894531,34.130001068115234,29.679080963134766,4008000
2021-06-23,34.150001525878906,34.36000061035156,33.86000061035156,33.91999816894531,29.49646759033203,3934700
2021-06-24,34.33000183105469,34.38999938964844,33.91999816894531,34.22999954223633,29.766035079956055,4984800
2021-06-25,34.220001220703125,34.59000015258789,34.11000061035156,34.290000915527344,29.818212509155273,5038500
2021-06-28,34.25,34.29999923706055,33.689998626708984,34.0,29.566030502319336,4496100
2021-06-29,34.08000183105469,34.54999923706055,34.0,34.13999938964844,29.68777084350586,2885000
2021-06-30,34.0,34.47999954223633,33.95000076293945,34.41999816894531,29.931259155273438,4822000
2021-07-01,34.5,34.66999816894531,34.040000915527344,34.33000183105469,29.853002548217773,3764100
2021-07-02,34.4900016784668,34.66999816894531,34.220001220703125,34.310001373291016,29.835609436035156,3790900
2021-07-06,34.15999984741211,34.2400016784668,33.54999923706055,33.970001220703125,29.539947509765625,7477800
2021-07-07,33.790000915527344,34.9900016784668,33.790000915527344,34.84000015258789,30.296489715576172,6737900
2021-07-08,34.34000015258789,35.38999938964844,34.099998474121094,35.040000915527344,30.470407485961914,7197200
2021-07-09,35.310001373291016,35.91999816894531,35.16999816894531,35.81999969482422,31.148683547973633,5387200
2021-07-12,35.68000030517578,35.93000030517578,35.4900016784668,35.650001525878906,31.0008544921875,2522700
2021-07-13,35.5,35.689998626708984,34.4900016784668,34.61000061035156,30.09647560119629,4209100
2021-07-14,34.470001220703125,34.849998474121094,34.2599983215332,34.70000076293945,30.174747467041016,5126500
2021-07-15,34.81999969482422,35.040000915527344,34.40999984741211,34.630001068115234,30.113876342773438,3671200
2021-07-16,34.630001068115234,34.81999969482422,33.939998626708984,34.02000045776367,29.58342933654785,4637700
2021-07-19,33.04999923706055,33.400001525878906,32.650001525878906,32.95000076293945,28.652965545654297,5627500
2021-07-20,33.06999969482422,33.77000045776367,32.65999984741211,33.650001525878906,29.26167869567871,4337800
2021-07-21,33.88999938964844,34.279998779296875,33.849998474121094,34.08000183105469,29.63559913635254,3807500
2021-07-22,34.0,34.189998626708984,33.400001525878906,34.16999816894531,29.7138614654541,3486500
2021-07-23,34.38999938964844,34.66999816894531,34.06999969482422,34.58000183105469,30.07039451599121,2945000
2021-07-26,34.58000183105469,34.83000183105469,34.27000045776367,34.65999984741211,30.13995933532715,2687900
2021-07-27,35.0099983215332,35.0099983215332,34.52000045776367,34.849998474121094,30.3051815032959,3337500
2021-07-28,34.970001220703125,35.02000045776367,34.310001373291016,34.369998931884766,29.887784957885742,3890000
2021-07-29,34.56999969482422,35.13999938964844,34.56999969482422,34.83000183105469,30.287790298461914,4149700
2021-07-30,34.119998931884766,34.77000045776367,33.470001220703125,33.72999954223633,29.33124351501465,6043000
2021-08-02,33.7400016784668,34.58000183105469,33.720001220703125,34.220001220703125,29.757343292236328,4163100
2021-08-03,34.400001525878906,34.56999969482422,34.02000045776367,34.540000915527344,30.035612106323242,3059200
2021-08-04,34.52000045776367,34.619998931884766,34.0099983215332,34.040000915527344,29.60081672668457,3075000
2021-08-05,34.29999923706055,34.599998474121094,33.9900016784668,34.47999954223633,29.983440399169922,3359000
2021-08-06,34.630001068115234,34.83000183105469,34.38999938964844,34.54999923706055,30.04430389404297,2971700
2021-08-09,34.54999923706055,34.630001068115234,34.11000061035156,34.130001068115234,29.679080963134766,3832700
2021-08-10,34.130001068115234,35.02000045776367,33.959999084472656,34.61000061035156,30.09647560119629,2905400
2021-08-11,34.7599983215332,35.40999984741211,34.5,35.33000183105469,30.72258758544922,3051000
2021-08-12,35.439998626708984,35.849998474121094,34.779998779296875,35.02000045776367,30.453018188476562,2644900
2021-08-13,35.08000183105469,35.130001068115234,34.709999084472656,34.81999969482422,30.27910041809082,2444500
2021-08-16,34.5,34.810001373291016,34.22999954223633,34.68000030517578,30.1573486328125,2268200
2021-08-17,34.2599983215332,34.279998779296875,33.61000061035156,33.880001068115234,29.46169090270996,2333300
2021-08-18,33.900001525878906,34.52000045776367,33.68000030517578,33.79999923706055,29.392112731933594,2603900
2021-08-19,33.34000015258789,34.029998779296875,33.279998779296875,33.90999984741211,29.487773895263672,3637200
2021-08-20,33.77000045776367,34.31999969482422,33.689998626708984,34.15999984741211,29.705163955688477,2093600
2021-08-23,34.470001220703125,34.58000183105469,34.099998474121094,34.529998779296875,30.026920318603516,2260300
2021-08-24,34.66999816894531,35.0,34.5,34.86000061035156,30.313884735107422,2572700
2021-08-25,34.959999084472656,35.43000030517578,34.65999984741211,35.2599983215332,30.661712646484375,2633100
2021-08-26,35.349998474121094,35.439998626708984,34.9900016784668,35.20000076293945,30.609539031982422,2572600
2021-08-27,35.25,36.099998474121094,35.119998931884766,35.95000076293945,31.26173210144043,2843900
2021-08-30,36.029998779296875,36.349998474121094,35.7599983215332,36.27000045776367,31.540000915527344,2977000
2021-08-31,36.22999954223633,36.29999923706055,35.689998626708984,36.0,31.305208206176758,4344000
2021-09-01,36.45000076293945,36.54999923706055,36.0099983215332,36.31999969482422,31.583480834960938,3817900
2021-09-02,36.349998474121094,36.59000015258789,36.09000015258789,36.58000183105469,31.95915985107422,3076200
2021-09-03,36.40999984741211,36.709999084472656,36.06999969482422,36.63999938964844,32.01157760620117,3476000
2021-09-07,36.459999084472656,36.560001373291016,36.0,36.130001068115234,31.566009521484375,4026000
2021-09-08,35.790000915527344,35.849998474121094,35.13999938964844,35.349998474121094,30.88453483581543,4536300
2021-09-09,35.13999938964844,35.560001373291016,34.849998474121094,34.869998931884766,30.46516990661621,3371800
2021-09-10,35.04999923706055,35.2400016784668,34.68000030517578,34.709999084472656,30.325380325317383,2488700
2021-09-13,35.119998931884766,35.119998931884766,34.459999084472656,34.54999923706055,30.185590744018555,2525500
2021-09-14,34.72999954223633,34.77000045776367,33.9900016784668,34.09000015258789,29.783700942993164,2673500
2021-09-15,33.970001220703125,35.08000183105469,33.970001220703125,35.040000915527344,30.613698959350586,3958600
2021-09-16,35.0099983215332,35.72999954223633,34.93000030517578,35.689998626708984,31.181589126586914,4522600
2021-09-17,35.779998779296875,36.34000015258789,35.70000076293945,36.16999816894531,31.600955963134766,7344300
2021-09-20,35.45000076293945,35.869998931884766,35.209999084472656,35.7400016784668,31.225276947021484,5547700
2021-09-21,35.83000183105469,35.93000030517578,35.22999954223633,35.2599983215332,30.805904388427734,3914100
2021-09-22,35.88999938964844,36.59000015258789,35.540000915527344,36.40999984741211,31.810638427734375,4624000
2021-09-23,36.75,37.56999969482422,36.75,37.2599983215332,32.553260803222656,5446500
2021-09-24,37.220001220703125,37.65999984741211,37.13999938964844,37.189998626708984,32.492103576660156,4212800
2021-09-27,37.220001220703125,37.59000015258789,37.060001373291016,37.099998474121094,32.413475036621094,3261400
2021-09-28,36.810001373291016,36.959999084472656,36.459999084472656,36.54999923706055,31.932950973510742,3271100
2021-09-29,36.650001525878906,36.779998779296875,36.2599983215332,36.58000183105469,31.95915985107422,2968700
2021-09-30,36.86000061035156,36.939998626708984,35.560001373291016,35.56999969482422,31.07674789428711,3863900
2021-10-01,35.72999954223633,36.11000061035156,35.29999923706055,35.77000045776367,31.251482009887695,3986500
2021-10-04,35.2599983215332,35.869998931884766,35.2599983215332,35.720001220703125,31.65021514892578,3566300
2021-10-05,35.599998474121094,35.939998626708984,35.290000915527344,35.72999954223633,31.659076690673828,4073400
2021-10-06,35.40999984741211,36.0,35.029998779296875,35.81999969482422,31.738815307617188,3880800
2021-10-07,36.2400016784668,36.40999984741211,35.90999984741211,35.97999954223633,31.880582809448242,3428700
2021-10-08,36.08000183105469,36.310001373291016,35.970001220703125,36.2599983215332,32.12868881225586,2795600
2021-10-11,36.45000076293945,37.380001068115234,36.400001525878906,37.2599983215332,33.014747619628906,3777500
2021-10-12,37.36000061035156,38.290000915527344,37.31999969482422,37.43000030517578,33.16537857055664,4909100
2021-10-13,37.33000183105469,37.65999984741211,36.9900016784668,37.400001525878906,33.1388053894043,3835200
2021-10-14,37.540000915527344,37.869998931884766,37.29999923706055,37.54999923706055,33.271705627441406,3713100
2021-10-15,38.040000915527344,38.09000015258789,37.189998626708984,37.2400016784668,32.997032165527344,3111500
2021-10-18,36.970001220703125,37.369998931884766,36.849998474121094,36.970001220703125,32.75779342651367,2642700
2021-10-19,37.209999084472656,37.380001068115234,36.58000183105469,36.77000045776367,32.58058166503906,3827900
2021-10-20,36.869998931884766,37.47999954223633,36.86000061035156,37.310001373291016,33.05904769897461,3398800
2021-10-21,37.310001373291016,37.70000076293945,36.54999923706055,36.790000915527344,32.59830093383789,3189400
2021-10-22,36.790000915527344,37.310001373291016,36.65999984741211,37.13999938964844,32.908424377441406,4425600
2021-10-25,37.290000915527344,37.810001373291016,37.11000061035156,37.72999954223633,33.43120574951172,4265100
2021-10-26,37.83000183105469,37.970001220703125,36.689998626708984,36.7599983215332,32.571720123291016,3706500
2021-10-27,36.709999084472656,36.7599983215332,35.65999984741211,35.709999084472656,31.641347885131836,3417100
2021-10-28,35.77000045776367,36.41999816894531,35.7400016784668,36.400001525878906,32.252742767333984,3725100
2021-10-29,36.279998779296875,37.279998779296875,35.52000045776367,35.720001220703125,31.65021514892578,5545900
2021-11-01,35.959999084472656,37.099998474121094,35.900001525878906,36.97999954223633,32.766658782958984,4824600
2021-11-02,37.15999984741211,37.40999984741211,36.09000015258789,36.150001525878906,32.031219482421875,4195200
2021-11-03,35.9900016784668,38.40999984741211,35.869998931884766,38.27000045776367,33.9096794128418,7541000
2021-11-04,38.369998931884766,38.779998779296875,37.97999954223633,38.13999938964844,33.794490814208984,3442500
2021-11-05,38.7400016784668,38.869998931884766,38.130001068115234,38.33000183105469,33.96283721923828,2885100
2021-11-08,38.779998779296875,38.849998474121094,37.599998474121094,37.72999954223633,33.43120574951172,2679300
2021-11-09,37.65999984741211,37.880001068115234,37.400001525878906,37.54999923706055,33.271705627441406,1932400
2021-11-10,37.439998626708984,37.68000030517578,35.560001373291016,36.88999938964844,32.68690490722656,2701200
2021-11-11,36.88999938964844,36.95000076293945,36.54999923706055,36.810001373291016,32.616024017333984,2799100
2021-11-12,36.849998474121094,37.119998931884766,36.709999084472656,36.93000030517578,32.722354888916016,1921700
2021-11-15,37.02000045776367,37.59000015258789,36.630001068115234,37.40999984741211,33.14765548706055,4492600
2021-11-16,37.459999084472656,38.56999969482422,37.310001373291016,38.36000061035156,33.98941421508789,5596100
2021-11-17,38.15999984741211,38.630001068115234,37.75,38.52000045776367,34.131187438964844,4610100
2021-11-18,38.65999984741211,38.79999923706055,37.72999954223633,37.939998626708984,33.61726760864258,2917300
2021-11-19,37.97999954223633,38.599998474121094,37.79999923706055,38.040000915527344,33.70587921142578,3152500
2021-11-22,38.529998779296875,39.310001373291016,38.400001525878906,38.849998474121094,34.4235954284668,3663700
2021-11-23,39.0099983215332,39.15999984741211,38.279998779296875,38.540000915527344,34.14891052246094,2310800
2021-11-24,38.56999969482422,39.04999923706055,38.369998931884766,38.97999954223633,34.53878402709961,2177200
2021-11-26,38.11000061035156,38.66999816894531,37.88999938964844,38.41999816894531,34.04258346557617,2211200
2021-11-29,38.79999923706055,39.150001525878906,38.04999923706055,38.75,34.33498001098633,3107000
2021-11-30,38.220001220703125,38.900001525878906,37.61000061035156,37.61000061035156,33.32487487792969,7484100
2021-12-01,38.33000183105469,38.970001220703125,37.630001068115234,37.63999938964844,33.35145568847656,3408500
2021-12-02,37.72999954223633,38.66999816894531,37.720001220703125,38.5099983215332,34.27714157104492,3606900
2021-12-03,38.70000076293945,39.15999984741211,37.95000076293945,38.33000183105469,34.11692810058594,2740000
2021-12-06,38.75,38.959999084472656,38.2599983215332,38.459999084472656,34.232635498046875,3338200
2021-12-07,38.81999969482422,39.540000915527344,38.61000061035156,39.349998474121094,35.02481460571289,3166200
2021-12-08,39.369998931884766,39.65999984741211,39.08000183105469,39.47999954223633,35.14052200317383,2448300
2021-12-09,39.400001525878906,39.95000076293945,39.130001068115234,39.75,35.38084411621094,3034800
2021-12-10,39.95000076293945,40.20000076293945,39.72999954223633,40.02000045776367,35.62117004394531,3357300
2021-12-13,39.880001068115234,40.31999969482422,39.540000915527344,40.04999923706055,35.64787292480469,2895900
2021-12-14,40.130001068115234,40.130001068115234,38.790000915527344,38.88999938964844,34.61537551879883,5294700
2021-12-15,39.119998931884766,39.650001525878906,38.77000045776367,39.470001220703125,35.13162612915039,4276200
2021-12-16,39.689998626708984,40.209999084472656,39.41999816894531,39.630001068115234,35.27404022216797,3006200
2021-12-17,39.68000030517578,40.34000015258789,39.470001220703125,39.63999938964844,35.282936096191406,8959900
2021-12-20,39.099998474121094,39.189998626708984,37.90999984741211,38.130001068115234,33.93891525268555,5040800
2021-12-21,38.5,38.970001220703125,38.02000045776367,38.459999084472656,34.232635498046875,4244900
2021-12-22,38.40999984741211,39.040000915527344,38.380001068115234,38.83000183105469,34.561973571777344,2244700
2021-12-23,38.84000015258789,39.04999923706055,38.45000076293945,38.63999938964844,34.392852783203125,2298100
2021-12-27,38.86000061035156,39.66999816894531,38.66999816894531,39.65999984741211,35.30073928833008,2282600
2021-12-28,39.58000183105469,39.970001220703125,39.38999938964844,39.86000061035156,35.47875213623047,1783300
2021-12-29,39.90999984741211,40.779998779296875,39.81999969482422,40.68000030517578,36.20862579345703,2193800
2021-12-30,40.68000030517578,41.16999816894531,40.61000061035156,40.970001220703125,36.46674728393555,2131800
2021-12-31,40.869998931884766,41.33000183105469,40.7599983215332,41.18000030517578,36.653663635253906,1882700
2022-01-03,41.45000076293945,41.650001525878906,40.459999084472656,40.56999969482422,36.110713958740234,3831100
2022-01-04,40.95000076293945,41.38999938964844,40.75,41.09000015258789,36.57355880737305,3089700
2022-01-05,41.09000015258789,41.599998474121094,40.029998779296875,40.06999969482422,35.66566848754883,3737600
2022-01-06,40.400001525878906,40.810001373291016,40.06999969482422,40.38999938964844,35.950496673583984,3315200
2022-01-07,40.33000183105469,40.939998626708984,40.15999984741211,40.34000015258789,35.90599822998047,3309900
2022-01-10,40.08000183105469,40.34000015258789,39.59000015258789,40.150001525878906,35.73688507080078,3137400
2022-01-11,40.27000045776367,40.790000915527344,39.880001068115234,40.72999954223633,36.25312423706055,3960000
2022-01-12,40.72999954223633,41.52000045776367,40.63999938964844,41.04999923706055,36.5379524230957,3371600
2022-01-13,41.2599983215332,41.79999923706055,41.209999084472656,41.65999984741211,37.08089828491211,3151900
2022-01-14,41.380001068115234,41.59000015258789,40.4900016784668,40.97999954223633,36.475643157958984,2977600
2022-01-18,40.63999938964844,40.68000030517578,38.97999954223633,39.279998779296875,34.962501525878906,4261800
2022-01-19,39.529998779296875,39.849998474121094,39.16999816894531,39.18000030517578,34.873497009277344,3046100
2022-01-20,39.25,39.56999969482422,38.220001220703125,38.290000915527344,34.081321716308594,3041300
2022-01-21,38.400001525878906,38.650001525878906,37.959999084472656,38.0099983215332,33.83209991455078,3763000
2022-01-24,37.5,38.880001068115234,37.130001068115234,38.849998474121094,34.57976531982422,5037300
2022-01-25,38.27000045776367,38.75,37.630001068115234,38.470001220703125,34.241539001464844,4768900
2022-01-26,38.75,39.380001068115234,37.959999084472656,38.08000183105469,33.894405364990234,3729100
2022-01-27,38.25,39.16999816894531,37.70000076293945,37.88999938964844,33.72528839111328,5786000
2022-01-28,37.369998931884766,39.65999984741211,37.310001373291016,39.650001525878906,35.291831970214844,4792600
2022-01-31,39.45000076293945,40.47999954223633,39.279998779296875,40.43000030517578,35.986106872558594,4484400
2022-02-01,40.619998931884766,40.790000915527344,39.7599983215332,40.630001068115234,36.164119720458984,4026100
2022-02-02,40.84000015258789,41.619998931884766,40.61000061035156,41.470001220703125,36.91178894042969,4618500
2022-02-03,41.119998931884766,41.630001068115234,40.72999954223633,41.31999969482422,36.77827835083008,3698900
2022-02-04,41.099998474121094,41.5099983215332,40.47999954223633,40.4900016784668,36.03950500488281,3244100
2022-02-07,40.81999969482422,41.369998931884766,40.369998931884766,40.97999954223633,36.475643157958984,3062000
2022-02-08,41.0,41.970001220703125,40.86000061035156,41.790000915527344,37.19662094116211,3893200
2022-02-09,42.040000915527344,43.040000915527344,42.040000915527344,42.56999969482422,37.89088821411133,4036600
2022-02-10,42.11000061035156,42.720001220703125,41.599998474121094,41.81999969482422,37.22332000732422,3797500
2022-02-11,42.4900016784668,42.5099983215332,41.290000915527344,41.560001373291016,36.99189376831055,4442600
2022-02-14,41.599998474121094,41.689998626708984,40.77000045776367,40.90999984741211,36.41334533691406,4047400
2022-02-15,41.16999816894531,42.099998474121094,41.15999984741211,41.83000183105469,37.23221969604492,4829400
2022-02-16,41.86000061035156,42.0099983215332,41.58000183105469,41.86000061035156,37.25893020629883,5075400
2022-02-17,39.90999984741211,40.31999969482422,39.0099983215332,39.16999816894531,36.11561584472656,5113700
2022-02-18,39.13999938964844,39.75,38.849998474121094,39.18000030517578,36.12483596801758,4299000
2022-02-22,39.130001068115234,39.31999969482422,38.040000915527344,38.47999954223633,35.47942352294922,5509800
2022-02-23,38.86000061035156,38.869998931884766,37.08000183105469,37.279998779296875,34.37299346923828,5515800
2022-02-24,36.65999984741211,38.27000045776367,36.459999084472656,38.22999954223633,35.24891662597656,5911100
2022-02-25,38.29999923706055,39.22999954223633,37.95000076293945,39.20000076293945,36.143272399902344,4572500
2022-02-28,39.5099983215332,39.5099983215332,38.2400016784668,38.880001068115234,35.84823226928711,6973500
2022-03-01,38.88999938964844,39.31999969482422,38.220001220703125,38.619998931884766,35.60850143432617,4277300
2022-03-02,38.88999938964844,39.66999816894531,38.7599983215332,39.4900016784668,36.410667419433594,4062300
2022-03-03,39.68000030517578,39.79999923706055,39.02000045776367,39.16999816894531,36.28098678588867,3412500
2022-03-04,38.650001525878906,39.369998931884766,38.56999969482422,39.29999923706055,36.401405334472656,3546900
2022-03-07,39.599998474121094,39.83000183105469,38.470001220703125,38.470001220703125,35.63261795043945,5827700
2022-03-08,38.470001220703125,39.31999969482422,38.189998626708984,38.52000045776367,35.678932189941406,5764100
2022-03-09,39.43000030517578,39.79999923706055,38.84000015258789,38.9900016784668,36.1142692565918,5246400
2022-03-10,38.47999954223633,40.209999084472656,38.459999084472656,40.099998474121094,37.14239501953125,9253700
2022-03-11,40.31999969482422,40.5,39.47999954223633,39.619998931884766,36.69779586791992,4381200
2022-03-14,39.709999084472656,40.189998626708984,38.470001220703125,38.77000045776367,35.91049575805664,4369900
2022-03-15,39.18000030517578,39.59000015258789,38.84000015258789,39.470001220703125,36.55886459350586,6602400
2022-03-16,40.0,40.060001373291016,38.34000015258789,39.27000045776367,36.37360763549805,5060400
2022-03-17,39.0099983215332,39.54999923706055,38.91999816894531,39.5099983215332,36.595909118652344,5132600
2022-03-18,39.29999923706055,40.0099983215332,38.90999984741211,39.9900016784668,37.04051208496094,8330000
2022-03-21,40.0,40.22999954223633,39.0099983215332,39.189998626708984,36.29951095581055,3455800
2022-03-22,39.38999938964844,39.58000183105469,37.959999084472656,38.20000076293945,35.38253402709961,5786500
2022-03-23,38.0,38.61000061035156,37.689998626708984,38.150001525878906,35.336219787597656,5788200
2022-03-24,38.099998474121094,38.2599983215332,37.77000045776367,38.06999969482422,35.262123107910156,4752700
2022-03-25,38.04999923706055,38.61000061035156,37.470001220703125,38.599998474121094,35.75302505493164,4203700
2022-03-28,38.54999923706055,38.720001220703125,38.310001373291016,38.540000915527344,35.69745635986328,2865200
2022-03-29,38.939998626708984,39.220001220703125,38.41999816894531,39.02000045776367,36.142051696777344,4868000
2022-03-30,39.099998474121094,39.34000015258789,38.29999923706055,38.540000915527344,35.69745635986328,3171800
2022-03-31,38.529998779296875,38.84000015258789,37.81999969482422,37.900001525878906,35.10465621948242,4621400
2022-04-01,37.90999984741211,38.130001068115234,37.29999923706055,38.02000045776367,35.2158088684082,4698800
2022-04-04,38.2400016784668,38.810001373291016,37.959999084472656,38.779998779296875,35.91975021362305,3722900
2022-04-05,38.63999938964844,38.81999969482422,37.72999954223633,37.849998474121094,35.058349609375,2985100
2022-04-06,37.66999816894531,37.88999938964844,37.150001525878906,37.4900016784668,34.72489929199219,3245900
2022-04-07,37.5099983215332,38.040000915527344,37.099998474121094,37.900001525878906,35.10465621948242,3800800
2022-04-08,37.939998626708984,38.849998474121094,37.70000076293945,38.68000030517578,35.82712936401367,2716200
2022-04-11,38.630001068115234,39.5,38.52000045776367,39.02000045776367,36.142051696777344,3780100
2022-04-12,39.25,39.77000045776367,39.119998931884766,39.58000183105469,36.66074752807617,3150600
2022-04-13,39.75,40.529998779296875,39.630001068115234,40.060001373291016,37.1053466796875,3740600
2022-04-14,40.16999816894531,40.41999816894531,39.58000183105469,39.900001525878906,36.95714569091797,3334200
2022-04-18,39.45000076293945,40.2599983215332,39.349998474121094,39.81999969482422,36.88304901123047,3581300
2022-04-19,39.97999954223633,41.66999816894531,39.83000183105469,41.43000030517578,38.37429428100586,6888200
2022-04-20,41.61000061035156,42.540000915527344,41.599998474121094,42.130001068115234,39.022674560546875,4632600
2022-04-21,42.47999954223633,42.630001068115234,41.59000015258789,41.72999954223633,38.65217590332031,4517800
2022-04-22,41.63999938964844,42.11000061035156,41.29999923706055,41.52000045776367,38.457664489746094,3652700
2022-04-25,41.310001373291016,41.7400016784668,40.380001068115234,41.619998931884766,38.550289154052734,3581200
2022-04-26,41.619998931884766,41.959999084472656,40.849998474121094,40.869998931884766,37.85560607910156,3540900
2022-04-27,40.939998626708984,41.5099983215332,40.7400016784668,40.86000061035156,37.846343994140625,3395800
2022-04-28,41.349998474121094,42.16999816894531,40.720001220703125,41.900001525878906,38.80963897705078,3301900
2022-04-29,41.36000061035156,42.86000061035156,41.209999084472656,41.220001220703125,38.17979049682617,5118100
2022-05-02,41.459999084472656,41.81999969482422,39.099998474121094,40.04999923706055,37.09608840942383,5558900
2022-05-03,40.16999816894531,41.470001220703125,40.06999969482422,41.16999816894531,38.133480072021484,4632800
2022-05-04,41.29999923706055,42.33000183105469,40.84000015258789,42.220001220703125,39.10603713989258,4523600
2022-05-05,42.27000045776367,42.40999984741211,40.36000061035156,40.650001525878906,37.651832580566406,4239400
2022-05-06,40.310001373291016,40.459999084472656,39.38999938964844,40.13999938964844,37.179439544677734,3757700
2022-05-09,39.630001068115234,40.34000015258789,39.0,39.220001220703125,36.32730484008789,4098000
2022-05-10,39.7400016784668,39.83000183105469,38.20000076293945,38.720001220703125,35.86418151855469,4482800
2022-05-11,38.66999816894531,39.029998779296875,37.7599983215332,37.790000915527344,35.00277328491211,4575900
2022-05-12,37.72999954223633,38.310001373291016,37.529998779296875,38.220001220703125,35.40105438232422,4802600
2022-05-13,38.38999938964844,38.970001220703125,38.130001068115234,38.709999084472656,35.854915618896484,3491600
2022-05-16,38.61000061035156,38.7599983215332,37.59000015258789,38.18000030517578,35.36400604248047,4031000
2022-05-17,38.90999984741211,39.38999938964844,38.54999923706055,39.380001068115234,36.475502014160156,3098600
2022-05-18,39.04999923706055,39.13999938964844,37.779998779296875,37.91999816894531,35.12318420410156,3934900
2022-05-19,37.599998474121094,38.70000076293945,37.5099983215332,37.86000061035156,35.06761169433594,3988400
2022-05-20,38.630001068115234,38.630001068115234,36.849998474121094,37.630001068115234,34.854576110839844,5940500
2022-05-23,38.0,38.459999084472656,37.63999938964844,38.22999954223633,35.41032028198242,5436100
2022-05-24,38.02000045776367,38.209999084472656,36.70000076293945,37.54999923706055,34.78047180175781,5765900
2022-05-25,37.25,38.66999816894531,37.25,38.4900016784668,35.651145935058594,5112300
2022-05-26,38.7400016784668,39.27000045776367,38.709999084472656,38.939998626708984,36.06795120239258,3980900
2022-05-27,39.25,40.349998474121094,39.2400016784668,40.34000015258789,37.36469650268555,3788400
2022-05-31,39.83000183105469,40.099998474121094,39.380001068115234,39.52000045776367,36.60517501831055,13253100
2022-06-01,39.59000015258789,39.59000015258789,38.459999084472656,38.709999084472656,35.854915618896484,4480100
2022-06-02,38.38999938964844,39.04999923706055,38.27000045776367,38.720001220703125,36.03173065185547,5707100
2022-06-03,38.400001525878906,38.63999938964844,37.9900016784668,38.34000015258789,35.6781120300293,3596900
2022-06-06,38.650001525878906,39.29999923706055,38.45000076293945,38.939998626708984,36.236446380615234,4305600
2022-06-07,38.790000915527344,39.099998474121094,38.2400016784668,39.08000183105469,36.366722106933594,3090600
2022-06-08,39.060001373291016,39.20000076293945,38.16999816894531,38.369998931884766,35.706024169921875,3939200
2022-06-09,38.20000076293945,38.4900016784668,37.810001373291016,37.84000015258789,35.21282196044922,4963800
2022-06-10,37.2400016784668,37.38999938964844,35.810001373291016,35.83000183105469,33.342376708984375,6654400
2022-06-13,34.86000061035156,35.18000030517578,34.02000045776367,34.27000045776367,31.890674591064453,6324500
2022-06-14,34.36000061035156,34.66999816894531,33.97999954223633,34.41999816894531,32.030269622802734,4718200
2022-06-15,34.66999816894531,35.02000045776367,33.90999984741211,34.5099983215332,32.11402130126953,6357400
2022-06-16,33.72999954223633,34.25,32.58000183105469,32.77000045776367,30.49482536315918,5592900
2022-06-17,33.09000015258789,33.56999969482422,32.66999816894531,32.9900016784668,30.69955062866211,10721600
2022-06-21,33.400001525878906,33.79999923706055,33.13999938964844,33.439998626708984,31.11830711364746,4117100
2022-06-22,32.95000076293945,33.83000183105469,32.95000076293945,33.2599983215332,30.950801849365234,3753500
2022-06-23,33.02000045776367,33.38999938964844,32.720001220703125,33.290000915527344,30.97872543334961,3637200
2022-06-24,33.630001068115234,34.369998931884766,33.15999984741211,34.33000183105469,31.946517944335938,5556100
2022-06-27,34.369998931884766,34.369998931884766,33.7599983215332,33.88999938964844,31.537063598632812,3881800
2022-06-28,34.16999816894531,34.27000045776367,33.29999923706055,33.38999938964844,31.0717830657959,3552700
2022-06-29,33.220001220703125,33.52000045776367,32.56999969482422,33.040000915527344,30.746078491210938,3380000
2022-06-30,32.619998931884766,33.650001525878906,32.5,33.119998931884766,30.820524215698242,4702600
2022-07-01,33.060001373291016,34.099998474121094,33.0099983215332,33.97999954223633,31.62081527709961,4273800
2022-07-05,33.61000061035156,34.20000076293945,33.16999816894531,34.20000076293945,31.825544357299805,3947200
2022-07-06,34.22999954223633,34.63999938964844,32.90999984741211,33.93000030517578,31.57428550720215,3672600
2022-07-07,34.150001525878906,34.650001525878906,34.119998931884766,34.47999954223633,32.08610153198242,3176800
2022-07-08,34.529998779296875,35.119998931884766,34.52000045776367,35.0099983215332,32.57929992675781,3459400
2022-07-11,34.790000915527344,35.2400016784668,34.529998779296875,34.68000030517578,32.272216796875,3094500
2022-07-12,34.400001525878906,35.08000183105469,34.38999938964844,34.61000061035156,32.20707702636719,4907900
2022-07-13,34.36000061035156,35.189998626708984,34.18000030517578,34.81999969482422,32.402496337890625,3846100
2022-07-14,34.16999816894531,34.7599983215332,34.09000015258789,34.36000061035156,31.97443199157715,5043400
2022-07-15,34.90999984741211,35.119998931884766,34.56999969482422,34.779998779296875,32.36526870727539,15032300
2022-07-18,34.95000076293945,35.08000183105469,34.150001525878906,34.31999969482422,31.937206268310547,3920300
2022-07-19,36.119998931884766,36.31999969482422,34.689998626708984,35.15999984741211,32.71889114379883,6325900
2022-07-20,34.86000061035156,35.599998474121094,34.560001373291016,35.189998626708984,32.74681091308594,3673700
2022-07-21,34.95000076293945,35.5099983215332,34.84000015258789,35.5,33.03528594970703,3492600
2022-07-22,35.75,35.9900016784668,35.290000915527344,35.5099983215332,33.04458999633789,3389200
2022-07-25,35.54999923706055,35.7599983215332,35.279998779296875,35.459999084472656,32.99806594848633,4514800
2022-07-26,35.54999923706055,35.709999084472656,34.83000183105469,35.09000015258789,32.65375518798828,3580900
2022-07-27,35.09000015258789,35.959999084472656,35.09000015258789,35.7599983215332,33.27723693847656,3265300
2022-07-28,36.0,36.41999816894531,35.95000076293945,36.369998931884766,33.84488296508789,3787100
2022-07-29,36.810001373291016,37.20000076293945,35.619998931884766,36.31999969482422,33.7983512878418,3457500
2022-08-01,36.189998626708984,37.15999984741211,36.02000045776367,36.900001525878906,34.33808517456055,3383400
2022-08-02,36.849998474121094,36.88999938964844,35.849998474121094,35.869998931884766,33.37958526611328,3388700
2022-08-03,36.0099983215332,36.13999938964844,35.31999969482422,35.529998779296875,33.06319808959961,3168900
2022-08-04,35.630001068115234,35.72999954223633,35.11000061035156,35.189998626708984,32.74681091308594,2488300
2022-08-05,34.849998474121094,35.16999816894531,34.689998626708984,35.119998931884766,32.681663513183594,2794200
2022-08-08,35.369998931884766,35.939998626708984,35.36000061035156,35.599998474121094,33.12834167480469,2458600
2022-08-09,35.560001373291016,35.68000030517578,35.08000183105469,35.22999954223633,32.78403091430664,2829500
2022-08-10,35.84000015258789,36.22999954223633,35.59000015258789,36.08000183105469,33.57502365112305,2560000
2022-08-11,36.290000915527344,36.790000915527344,36.209999084472656,36.43000030517578,33.90071105957031,2393300
2022-08-12,36.619998931884766,36.90999984741211,36.5099983215332,36.88999938964844,34.328773498535156,1697300
2022-08-15,36.72999954223633,36.9900016784668,36.470001220703125,36.95000076293945,34.384613037109375,2438800
2022-08-16,36.83000183105469,37.369998931884766,36.83000183105469,37.09000015258789,34.514892578125,3939700
2022-08-17,36.65999984741211,36.90999984741211,36.45000076293945,36.58000183105469,34.04030227661133,2744700
2022-08-18,36.540000915527344,36.95000076293945,36.470001220703125,36.70000076293945,34.151973724365234,1636800
2022-08-19,36.45000076293945,36.58000183105469,35.97999954223633,36.20000076293945,33.686683654785156,2174400
2022-08-22,35.75,35.810001373291016,35.27000045776367,35.34000015258789,32.886390686035156,2704900
2022-08-23,35.40999984741211,35.90999984741211,35.290000915527344,35.5099983215332,33.04458999633789,1926100
2022-08-24,35.560001373291016,36.189998626708984,35.459999084472656,36.0099983215332,33.50988006591797,3408700
2022-08-25,36.150001525878906,36.650001525878906,35.95000076293945,36.619998931884766,34.07752227783203,1920300
2022-08-26,36.66999816894531,36.66999816894531,35.36000061035156,35.380001068115234,32.923614501953125,2757400
2022-08-29,35.150001525878906,35.43000030517578,34.790000915527344,34.83000183105469,32.411800384521484,2687700
2022-08-30,34.79999923706055,34.86000061035156,33.91999816894531,33.9900016784668,31.630123138427734,2973100
2022-08-31,34.04999923706055,34.5099983215332,33.900001525878906,34.15999984741211,31.78832244873047,5469500
2022-09-01,33.63999938964844,34.04999923706055,33.560001373291016,34.040000915527344,31.84444808959961,2475300
2022-09-02,34.5,34.540000915527344,33.72999954223633,33.869998931884766,31.685413360595703,3314700
2022-09-06,34.02000045776367,34.119998931884766,33.4900016784668,33.560001373291016,31.395410537719727,2706400
2022-09-07,33.560001373291016,34.0,33.33000183105469,33.88999938964844,31.70412254333496,2682000
2022-09-08,33.63999938964844,34.060001373291016,33.27000045776367,33.93000030517578,31.741546630859375,2444000
2022-09-09,34.18000030517578,34.720001220703125,34.060001373291016,34.619998931884766,32.38703918457031,3436500
2022-09-12,34.849998474121094,35.20000076293945,34.459999084472656,34.560001373291016,32.33091735839844,3352900
2022-09-13,33.72999954223633,33.970001220703125,32.2599983215332,32.36000061035156,30.272808074951172,4328200
2022-09-14,32.15999984741211,32.29999923706055,31.3700008392334,31.68000030517578,29.636667251586914,7028900
2022-09-15,31.68000030517578,32.09000015258789,31.31999969482422,31.329999923706055,29.309242248535156,3937400
2022-09-16,31.260000228881836,31.260000228881836,30.600000381469727,30.729999542236328,28.747941970825195,8698900
2022-09-19,30.479999542236328,31.790000915527344,30.420000076293945,31.709999084472656,29.66473388671875,5589400
2022-09-20,30.770000457763672,30.8700008392334,29.489999771118164,29.81999969482422,27.896638870239258,6651600
2022-09-21,30.049999237060547,31.010000228881836,29.959999084472656,29.959999084472656,28.027606964111328,5310100
2022-09-22,29.799999237060547,29.829999923706055,29.389999389648438,29.40999984741211,27.513078689575195,3691800
2022-09-23,28.979999542236328,29.06999969482422,28.540000915527344,28.989999771118164,27.12017250061035,4610300
2022-09-26,28.6299991607666,28.719999313354492,27.75,28.200000762939453,26.38112449645996,4459600
2022-09-27,28.3700008392334,28.489999771118164,27.56999969482422,27.809999465942383,26.016281127929688,4542500
2022-09-28,28.09000015258789,28.34000015258789,27.780000686645508,28.190000534057617,26.37177085876465,5882500
2022-09-29,27.90999984741211,27.90999984741211,27.3700008392334,27.75,25.96014976501465,6553300
2022-09-30,28.100000381469727,28.81999969482422,27.950000762939453,28.559999465942383,26.71790313720703,7755300
2022-10-03,28.969999313354492,29.600000381469727,28.829999923706055,29.3700008392334,27.475664138793945,6056800
2022-10-04,29.59000015258789,30.040000915527344,29.510000228881836,29.889999389648438,27.962121963500977,4242800
2022-10-05,29.309999465942383,30.020000457763672,29.25,29.809999465942383,27.887279510498047,4560000
2022-10-06,29.700000762939453,29.899999618530273,29.06999969482422,29.170000076293945,27.28856086730957,4245000
2022-10-07,28.969999313354492,29.0,28.5,28.65999984741211,26.811452865600586,3935300
2022-10-10,28.790000915527344,29.110000610351562,28.65999984741211,28.8700008392334,27.007909774780273,3720500
2022-10-11,28.729999542236328,29.75,28.540000915527344,29.459999084472656,27.55985450744629,6531700
2022-10-12,29.440000534057617,29.639999389648438,29.200000762939453,29.389999389648438,27.49437141418457,3265700
2022-10-13,28.75,30.010000228881836,28.700000762939453,29.799999237060547,27.8779239654541,4317600
2022-10-14,30.149999618530273,30.260000228881836,28.969999313354492,29.0,27.12952423095703,4347000
2022-10-17,29.559999465942383,30.09000015258789,29.549999237060547,29.760000228881836,27.84050750732422,5045900
2022-10-18,30.299999237060547,30.649999618530273,29.520000457763672,29.850000381469727,27.924701690673828,4549000
2022-10-19,29.459999084472656,29.540000915527344,28.719999313354492,29.049999237060547,27.176298141479492,4219900
2022-10-20,29.1299991607666,29.479999542236328,28.850000381469727,28.940000534057617,27.073394775390625,3969000
2022-10-21,28.940000534057617,30.010000228881836,28.799999237060547,29.959999084472656,28.027606964111328,5677600
2022-10-24,30.139999389648438,30.5,29.93000030517578,30.059999465942383,28.121156692504883,3499300
2022-10-25,30.059999465942383,30.940000534057617,30.059999465942383,30.90999984741211,28.916332244873047,5408900
2022-10-26,30.93000030517578,31.31999969482422,30.6200008392334,30.959999084472656,28.963109970092773,4010800
2022-10-27,31.239999771118164,31.510000228881836,30.979999542236328,31.010000228881836,29.00988006591797,4136000
2022-10-28,30.18000030517578,31.690000534057617,30.0,31.100000381469727,29.094078063964844,4569900
2022-10-31,30.700000762939453,31.15999984741211,30.25,30.93000030517578,28.935043334960938,5608800
2022-11-01,31.299999237060547,31.5,30.229999542236328,30.389999389648438,28.42987060546875,3363700
2022-11-02,30.299999237060547,30.940000534057617,29.6299991607666,29.65999984741211,27.74695587158203,4571400
2022-11-03,29.25,29.760000228881836,28.899999618530273,29.389999389648438,27.49437141418457,2870400
2022-11-04,29.760000228881836,30.299999237060547,29.440000534057617,30.280000686645508,28.326967239379883,2929300
2022-11-07,30.489999771118164,31.040000915527344,30.299999237060547,30.959999084472656,28.963109970092773,2572300
2022-11-08,30.989999771118164,31.18000030517578,30.700000762939453,31.020000457763672,29.01923370361328,2908300
2022-11-09,30.8700008392334,31.079999923706055,29.969999313354492,30.059999465942383,28.121156692504883,2877200
2022-11-10,31.329999923706055,32.9900016784668,31.25,32.86000061035156,30.740558624267578,4965700
2022-11-11,32.939998626708984,33.400001525878906,32.849998474121094,33.09000015258789,30.95572280883789,2868800
2022-11-14,32.900001525878906,33.0,32.31999969482422,32.34000015258789,30.25409698486328,2806100
2022-11-15,32.90999984741211,33.119998931884766,32.41999816894531,32.7400016784668,30.6283016204834,4174700
2022-11-16,32.43000030517578,32.470001220703125,31.860000610351562,32.06999969482422,30.001514434814453,2644000
2022-11-17,31.510000228881836,32.04999923706055,31.510000228881836,32.02000045776367,29.95473861694336,1891100
2022-11-18,32.58000183105469,32.720001220703125,31.959999084472656,32.27000045776367,30.188615798950195,2252800
2022-11-21,32.209999084472656,32.22999954223633,31.950000762939453,32.02000045776367,29.95473861694336,3973400
2022-11-22,32.25,32.41999816894531,32.060001373291016,32.310001373291016,30.226032257080078,3099600
2022-11-23,32.099998474121094,32.33000183105469,31.940000534057617,32.150001525878906,30.076353073120117,1632600
2022-11-25,32.150001525878906,32.4900016784668,32.150001525878906,32.310001373291016,30.226032257080078,1130300
2022-11-28,32.0,32.119998931884766,31.1200008392334,31.209999084472656,29.196979522705078,2711900
2022-11-29,31.31999969482422,31.8700008392334,31.030000686645508,31.760000228881836,29.711509704589844,2987200
2022-11-30,31.719999313354492,32.84000015258789,31.139999389648438,32.709999084472656,30.60023307800293,7353900
2022-12-01,32.81999969482422,33.06999969482422,31.940000534057617,32.279998779296875,30.365062713623047,4201900
2022-12-02,31.799999237060547,32.4900016784668,31.600000381469727,32.41999816894531,30.496755599975586,2565500
2022-12-05,32.04999923706055,32.04999923706055,31.34000015258789,31.520000457763672,29.6501522064209,4564900
2022-12-06,31.549999237060547,31.639999389648438,30.739999771118164,31.020000457763672,29.179807662963867,3435600
2022-12-07,31.040000915527344,31.8799991607666,30.899999618530273,31.690000534057617,29.8100643157959,3516000
2022-12-08,31.799999237060547,32.099998474121094,31.540000915527344,31.670000076293945,29.791248321533203,2741000
2022-12-09,31.6200008392334,31.989999771118164,31.469999313354492,31.479999542236328,29.612520217895508,2121700
2022-12-12,31.579999923706055,32.41999816894531,31.43000030517578,32.31999969482422,30.40268898010254,4454800
2022-12-13,33.459999084472656,33.90999984741211,32.68000030517578,32.88999938964844,30.938871383666992,4304600
2022-12-14,32.72999954223633,33.209999084472656,32.529998779296875,32.66999816894531,30.731929779052734,4734600
2022-12-15,32.11000061035156,32.189998626708984,31.34000015258789,31.760000228881836,29.875911712646484,3745400
2022-12-16,31.280000686645508,31.600000381469727,30.809999465942383,31.299999237060547,29.443199157714844,7854100
2022-12-19,31.290000915527344,31.610000610351562,30.579999923706055,30.829999923706055,29.001081466674805,3044700
2022-12-20,30.639999389648438,31.100000381469727,30.399999618530273,30.90999984741211,29.07633399963379,2774100
2022-12-21,31.040000915527344,31.440000534057617,30.75,31.110000610351562,29.26447105407715,2675200
2022-12-22,30.799999237060547,31.06999969482422,30.34000015258789,31.049999237060547,29.208030700683594,2626600
2022-12-23,31.049999237060547,31.549999237060547,30.90999984741211,31.489999771118164,29.62192726135254,1932800
2022-12-27,31.3700008392334,31.670000076293945,31.270000457763672,31.469999313354492,29.603113174438477,2266000
2022-12-28,31.40999984741211,31.600000381469727,30.59000015258789,30.6299991607666,28.812942504882812,2244100
2022-12-29,30.84000015258789,31.3799991607666,30.84000015258789,31.31999969482422,29.462013244628906,1846000
2022-12-30,31.030000686645508,31.18000030517578,30.610000610351562,31.0,29.160995483398438,3166600
2023-01-03,31.25,31.420000076293945,30.6299991607666,30.860000610351562,29.0293025970459,2939100
2023-01-04,31.059999465942383,31.450000762939453,31.030000686645508,31.229999542236328,29.377351760864258,3287700
2023-01-05,30.75,30.850000381469727,30.200000762939453,30.299999237060547,28.502521514892578,2976200
2023-01-06,30.56999969482422,31.760000228881836,30.540000915527344,31.610000610351562,29.734811782836914,2890600
2023-01-09,31.600000381469727,31.889999389648438,31.420000076293945,31.420000076293945,29.556081771850586,2511100
2023-01-10,31.299999237060547,31.299999237060547,30.360000610351562,30.860000610351562,29.0293025970459,3696000
2023-01-11,31.030000686645508,32.02000045776367,30.93000030517578,31.940000534057617,30.04523468017578,4749400
2023-01-12,32.150001525878906,32.29999923706055,31.489999771118164,32.130001068115234,30.223962783813477,4633600
2023-01-13,31.559999465942383,31.90999984741211,31.290000915527344,31.81999969482422,29.93235206604004,3802800
2023-01-17,31.889999389648438,32.130001068115234,31.6200008392334,31.709999084472656,29.828876495361328,3636700
2023-01-18,31.65999984741211,31.950000762939453,31.190000534057617,31.329999923706055,29.471420288085938,5071700
2023-01-19,31.200000762939453,31.43000030517578,30.829999923706055,31.100000381469727,29.255062103271484,3673300
2023-01-20,31.170000076293945,32.2599983215332,30.950000762939453,32.029998779296875,30.129892349243164,18341400
2023-01-23,32.349998474121094,32.619998931884766,32.119998931884766,32.36000061035156,30.440319061279297,5049800
2023-01-24,32.29999923706055,32.5099983215332,31.84000015258789,32.20000076293945,30.289812088012695,3078400
2023-01-25,32.029998779296875,32.810001373291016,31.75,32.75,30.80718231201172,4994900
2023-01-26,33.16999816894531,33.70000076293945,33.040000915527344,33.650001525878906,31.65378761291504,5520500
2023-01-27,33.650001525878906,34.38999938964844,33.349998474121094,34.31999969482422,32.28404235839844,5075600
2023-01-30,34.060001373291016,34.27000045776367,33.56999969482422,33.79999923706055,31.794897079467773,5741500
2023-01-31,33.869998931884766,34.45000076293945,33.75,34.43000030517578,32.38752365112305,4210700
2023-02-01,34.20000076293945,35.029998779296875,33.97999954223633,35.0099983215332,32.93311309814453,5206200
2023-02-02,35.400001525878906,36.0,35.380001068115234,35.709999084472656,33.591583251953125,4560500
2023-02-03,35.220001220703125,35.529998779296875,35.029998779296875,35.27000045776367,33.17768859863281,3786800
2023-02-06,34.560001373291016,34.619998931884766,33.70000076293945,34.25,32.21819305419922,5842200
2023-02-07,33.88999938964844,34.349998474121094,33.58000183105469,34.310001373291016,32.27463912963867,4252600
2023-02-08,34.04999923706055,34.56999969482422,33.869998931884766,34.040000915527344,32.02065658569336,5360100
2023-02-09,34.25,34.34000015258789,33.59000015258789,33.810001373291016,31.804304122924805,3438900
2023-02-10,33.70000076293945,33.849998474121094,33.41999816894531,33.63999938964844,31.644386291503906,3950000
2023-02-13,33.709999084472656,34.279998779296875,33.560001373291016,34.20000076293945,32.17116165161133,4402300
2023-02-14,33.150001525878906,33.33000183105469,32.63999938964844,32.77000045776367,31.65913200378418,3675000
2023-02-15,32.52000045776367,32.880001068115234,32.43000030517578,32.849998474121094,31.736417770385742,3034600
2023-02-16,32.369998931884766,32.900001525878906,32.22999954223633,32.439998626708984,31.34031867980957,3390300
2023-02-17,32.33000183105469,32.36000061035156,31.780000686645508,32.20000076293945,31.108457565307617,4072100
2023-02-21,31.899999618530273,31.899999618530273,30.559999465942383,30.770000457763672,29.726930618286133,4310200
2023-02-22,30.760000228881836,31.18000030517578,30.68000030517578,30.84000015258789,29.794557571411133,3091400
2023-02-23,31.079999923706055,31.350000381469727,30.760000228881836,31.059999465942383,30.007099151611328,2995300
2023-02-24,30.559999465942383,30.969999313354492,30.459999084472656,30.8700008392334,29.82354164123535,2921300
2023-02-27,31.479999542236328,31.610000610351562,30.809999465942383,30.899999618530273,29.852521896362305,3244800
2023-02-28,30.8700008392334,31.43000030517578,30.8700008392334,31.25,30.190654754638672,7348600
2023-03-01,31.06999969482422,31.780000686645508,31.0,31.68000030517578,30.606082916259766,4393100
2023-03-02,31.290000915527344,31.440000534057617,31.079999923706055,31.350000381469727,30.47001075744629,3974100
2023-03-03,31.719999313354492,31.75,31.350000381469727,31.65999984741211,30.77130889892578,3069500
2023-03-06,31.700000762939453,31.790000915527344,30.959999084472656,31.030000686645508,30.158994674682617,3290200
2023-03-07,30.959999084472656,30.969999313354492,29.969999313354492,29.989999771118164,29.14818572998047,4457400
2023-03-08,30.0,30.8799991607666,30.0,30.770000457763672,29.90629005432129,3584700
2023-03-09,30.81999969482422,31.270000457763672,30.399999618530273,30.43000030517578,29.575834274291992,2968700
2023-03-10,30.6299991607666,30.6299991607666,29.56999969482422,29.860000610351562,29.021835327148438,3190900
2023-03-13,29.510000228881836,30.389999389648438,29.3700008392334,30.15999984741211,29.313413619995117,4558900
2023-03-14,30.700000762939453,30.860000610351562,29.610000610351562,29.989999771118164,29.14818572998047,4518400
2023-03-15,29.469999313354492,29.889999389648438,29.229999542236328,29.59000015258789,28.759414672851562,4446600
2023-03-16,29.43000030517578,29.90999984741211,29.280000686645508,29.760000228881836,28.92464256286621,4336400
2023-03-17,29.59000015258789,29.81999969482422,29.170000076293945,29.209999084472656,28.390077590942383,9390300
2023-03-20,29.34000015258789,29.899999618530273,29.34000015258789,29.84000015258789,29.002397537231445,4656400
2023-03-21,30.100000381469727,30.18000030517578,29.3700008392334,29.84000015258789,29.002397537231445,3997800
2023-03-22,29.649999618530273,29.799999237060547,28.799999237060547,28.809999465942383,28.00130844116211,3818500
2023-03-23,28.920000076293945,29.110000610351562,28.06999969482422,28.299999237060547,27.5056209564209,3861500
2023-03-24,28.010000228881836,28.540000915527344,27.649999618530273,28.540000915527344,27.738887786865234,3625400
2023-03-27,28.75,28.860000610351562,28.420000076293945,28.700000762939453,27.89439582824707,3347600
2023-03-28,28.540000915527344,28.709999084472656,28.350000381469727,28.420000076293945,27.62225914001465,2817700
2023-03-29,28.809999465942383,29.1200008392334,28.610000610351562,29.06999969482422,28.254011154174805,3482600
2023-03-30,29.34000015258789,29.479999542236328,29.040000915527344,29.25,28.428958892822266,3831800
2023-03-31,29.389999389648438,30.15999984741211,29.350000381469727,30.1299991607666,29.284257888793945,6330200
2023-04-03,30.110000610351562,30.34000015258789,29.68000030517578,30.0,29.15790367126465,3240200
2023-04-04,30.059999465942383,30.100000381469727,29.760000228881836,29.950000762939453,29.109310150146484,2934700
2023-04-05,29.709999084472656,29.809999465942383,29.450000762939453,29.579999923706055,28.74969482421875,4757900
2023-04-06,29.59000015258789,30.020000457763672,29.5,29.850000381469727,29.012115478515625,2918700
2023-04-10,29.989999771118164,30.540000915527344,29.950000762939453,30.43000030517578,29.575834274291992,3823400
2023-04-11,30.399999618530273,31.110000610351562,30.3700008392334,30.8700008392334,30.00348663330078,3239500
2023-04-12,31.25,31.309999465942383,30.559999465942383,30.579999923706055,29.72162628173828,3800400
2023-04-13,30.690000534057617,31.25,30.3799991607666,31.18000030517578,30.30478286743164,3277700
2023-04-14,31.209999084472656,31.329999923706055,30.649999618530273,31.079999923706055,30.20758819580078,3805600
2023-04-17,31.06999969482422,31.59000015258789,31.0,31.520000457763672,30.63524055480957,3375600
2023-04-18,31.489999771118164,31.649999618530273,31.239999771118164,31.420000076293945,30.538043975830078,2593000
2023-04-19,31.190000534057617,31.760000228881836,31.059999465942383,31.469999313354492,30.586641311645508,2623700
2023-04-20,31.209999084472656,31.43000030517578,31.030000686645508,31.149999618530273,30.275623321533203,3042700
2023-04-21,31.260000228881836,31.260000228881836,30.780000686645508,31.030000686645508,30.158994674682617,2385000
2023-04-24,30.8799991607666,30.920000076293945,30.239999771118164,30.600000381469727,29.741065979003906,2993200
2023-04-25,30.440000534057617,30.440000534057617,29.850000381469727,29.889999389648438,29.050989151000977,4108600
2023-04-26,29.920000076293945,29.93000030517578,29.030000686645508,29.190000534057617,28.370641708374023,4003400
2023-04-27,29.209999084472656,29.56999969482422,29.1200008392334,29.389999389648438,28.565027236938477,4670300
2023-04-28,29.790000915527344,30.209999084472656,29.18000030517578,29.90999984741211,29.0704288482666,5863300
2023-05-01,30.1299991607666,30.540000915527344,29.739999771118164,29.75,28.9149227142334,5107800
2023-05-02,29.56999969482422,29.649999618530273,28.610000610351562,29.059999465942383,28.244291305541992,5264600
2023-05-03,29.149999618530273,29.969999313354492,29.1299991607666,29.280000686645508,28.458114624023438,7747300
2023-05-04,29.100000381469727,29.420000076293945,28.809999465942383,29.010000228881836,28.195693969726562,3873700
2023-05-05,29.290000915527344,29.81999969482422,29.200000762939453,29.670000076293945,28.837169647216797,3052200
2023-05-08,29.799999237060547,29.899999618530273,29.610000610351562,29.75,28.9149227142334,3942900
2023-05-09,29.479999542236328,30.09000015258789,29.420000076293945,29.959999084472656,29.119028091430664,5347400
2023-05-10,30.31999969482422,30.479999542236328,29.8799991607666,30.100000381469727,29.255098342895508,4935700
2023-05-11,29.8700008392334,29.940000534057617,29.649999618530273,29.75,28.9149227142334,3331900
2023-05-12,29.81999969482422,29.989999771118164,29.59000015258789,29.829999923706055,28.99267578125,2910300
2023-05-15,29.959999084472656,30.09000015258789,29.59000015258789,30.079999923706055,29.235660552978516,2415600
2023-05-16,29.950000762939453,30.0,29.200000762939453,29.309999465942383,28.487272262573242,4424100
2023-05-17,29.3799991607666,29.600000381469727,28.93000030517578,29.479999542236328,28.652502059936523,4708200
2023-05-18,29.3700008392334,29.90999984741211,29.25,29.520000457763672,28.69137954711914,4607200
2023-05-19,29.760000228881836,29.93000030517578,29.260000228881836,29.59000015258789,28.759414672851562,3875500
2023-05-22,29.56999969482422,29.780000686645508,29.209999084472656,29.309999465942383,28.487272262573242,2853600
2023-05-23,29.190000534057617,29.389999389648438,29.09000015258789,29.190000534057617,28.370641708374023,3019900
2023-05-24,29.139999389648438,29.219999313354492,28.510000228881836,28.59000015258789,27.78748321533203,4156400
2023-05-25,28.59000015258789,28.780000686645508,28.209999084472656,28.440000534057617,27.641695022583008,3267600
2023-05-26,28.559999465942383,28.559999465942383,28.18000030517578,28.25,27.457027435302734,3347700
2023-05-30,28.3799991607666,28.639999389648438,28.149999618530273,28.579999923706055,27.77776336669922,3501300
2023-05-31,28.440000534057617,28.729999542236328,28.1200008392334,28.65999984741211,27.855518341064453,9794500
2023-06-01,28.59000015258789,28.719999313354492,28.190000534057617,28.540000915527344,27.924009323120117,3719000
2023-06-02,28.940000534057617,29.290000915527344,28.649999618530273,28.829999923706055,28.207748413085938,5367900
2023-06-05,28.610000610351562,28.68000030517578,28.239999771118164,28.360000610351562,27.747892379760742,2922100
2023-06-06,28.479999542236328,28.989999771118164,28.389999389648438,28.940000534057617,28.31537437438965,2810100
2023-06-07,29.040000915527344,29.549999237060547,28.979999542236328,29.479999542236328,28.843719482421875,2909600
2023-06-08,29.280000686645508,29.59000015258789,28.989999771118164,29.459999084472656,28.82415008544922,3402500
2023-06-09,29.59000015258789,29.84000015258789,29.479999542236328,29.65999984741211,29.01983642578125,3612200
2023-06-12,29.6200008392334,29.889999389648438,29.219999313354492,29.81999969482422,29.176380157470703,3252600
2023-06-13,29.950000762939453,30.530000686645508,29.899999618530273,30.520000457763672,29.86127281188965,2882800
2023-06-14,30.700000762939453,31.030000686645508,30.350000381469727,30.520000457763672,29.86127281188965,3925500
2023-06-15,30.34000015258789,30.770000457763672,30.100000381469727,30.760000228881836,30.096094131469727,3772700
2023-06-16,30.940000534057617,31.190000534057617,30.829999923706055,31.0,30.33091163635254,15284200
2023-06-20,30.889999389648438,31.329999923706055,30.540000915527344,31.260000228881836,30.58530044555664,5055600
2023-06-21,31.139999389648438,31.170000076293945,30.850000381469727,30.899999618530273,30.233070373535156,4408600
2023-06-22,31.010000228881836,31.010000228881836,30.6200008392334,30.850000381469727,30.18415069580078,3180900
2023-06-23,30.59000015258789,30.860000610351562,30.3700008392334,30.40999984741211,29.753646850585938,5812300
2023-06-26,30.3799991607666,31.030000686645508,30.360000610351562,30.920000076293945,30.252639770507812,3412100
2023-06-27,31.079999923706055,32.099998474121094,31.059999465942383,31.84000015258789,31.15278434753418,5246000
2023-06-28,32.31999969482422,33.380001068115234,32.16999816894531,33.20000076293945,32.483428955078125,6420500
2023-06-29,33.09000015258789,33.349998474121094,32.84000015258789,33.33000183105469,32.610626220703125,4572200
2023-06-30,33.75,33.77000045776367,33.22999954223633,33.5099983215332,32.786739349365234,7640700
2023-07-03,33.529998779296875,33.709999084472656,33.33000183105469,33.540000915527344,32.81608963012695,2115500
2023-07-05,33.41999816894531,33.619998931884766,33.11000061035156,33.2400016784668,32.52256774902344,3472500
2023-07-06,32.869998931884766,32.93000030517578,32.59000015258789,32.65999984741211,31.955081939697266,4176500
2023-07-07,32.7400016784668,33.59000015258789,32.59000015258789,33.45000076293945,32.728031158447266,4051600
2023-07-10,33.790000915527344,34.27000045776367,33.56999969482422,33.900001525878906,33.16831970214844,5444700
2023-07-11,34.060001373291016,34.279998779296875,33.880001068115234,34.040000915527344,33.305301666259766,4197600
2023-07-12,34.38999938964844,34.459999084472656,34.040000915527344,34.08000183105469,33.34443283081055,4165000
2023-07-13,34.130001068115234,34.34000015258789,34.08000183105469,34.150001525878906,33.41292953491211,2633900
2023-07-14,33.9900016784668,34.15999984741211,33.7400016784668,34.08000183105469,33.34443283081055,1990800
2023-07-17,33.93000030517578,34.380001068115234,33.779998779296875,34.33000183105469,33.589046478271484,2867300
2023-07-18,34.290000915527344,35.08000183105469,34.25,34.52000045776367,33.774940490722656,3479000
2023-07-19,34.54999923706055,34.689998626708984,34.099998474121094,34.27000045776367,33.53033447265625,2866100
2023-07-20,34.2599983215332,34.45000076293945,34.130001068115234,34.33000183105469,33.589046478271484,2508400
2023-07-21,34.470001220703125,34.470001220703125,34.029998779296875,34.380001068115234,33.637962341308594,2572700
2023-07-24,34.36000061035156,34.58000183105469,34.18000030517578,34.290000915527344,33.549903869628906,1980700
2023-07-25,34.150001525878906,34.630001068115234,34.150001525878906,34.380001068115234,33.637962341308594,2852000
2023-07-26,34.290000915527344,34.4900016784668,33.97999954223633,34.380001068115234,33.637962341308594,2881700
2023-07-27,34.65999984741211,34.7400016784668,33.959999084472656,34.11000061035156,33.3737907409668,3328900
2023-07-28,34.290000915527344,34.79999923706055,33.41999816894531,33.66999816894531,32.94328308105469,5089800
2023-07-31,33.84000015258789,34.560001373291016,33.84000015258789,34.060001373291016,33.32487106323242,4749500
2023-08-01,33.790000915527344,34.099998474121094,33.619998931884766,33.970001220703125,33.236812591552734,2613400
2023-08-02,33.630001068115234,33.709999084472656,33.099998474121094,33.20000076293945,32.483428955078125,3972900
2023-08-03,32.91999816894531,33.15999984741211,32.459999084472656,33.11000061035156,32.39537048339844,4009000
2023-08-04,33.119998931884766,33.2599983215332,32.810001373291016,32.880001068115234,32.17034149169922,2968000
2023-08-07,32.97999954223633,33.36000061035156,32.95000076293945,33.13999938964844,32.42472457885742,2927900
2023-08-08,32.849998474121094,33.41999816894531,32.63999938964844,33.369998931884766,32.649757385253906,2905700
2023-08-09,33.31999969482422,33.61000061035156,33.04999923706055,33.400001525878906,32.67911148071289,2257000
2023-08-10,33.52000045776367,33.54999923706055,32.95000076293945,33.13999938964844,32.42472457885742,2387800
2023-08-11,32.970001220703125,33.41999816894531,32.959999084472656,33.02000045776367,32.307315826416016,3017800
2023-08-14,32.90999984741211,33.18000030517578,32.900001525878906,33.130001068115234,32.414939880371094,2734700
2023-08-15,32.81999969482422,32.869998931884766,32.529998779296875,32.72999954223633,32.02356719970703,2800100
2023-08-16,32.709999084472656,32.939998626708984,32.38999938964844,32.400001525878906,31.700698852539062,2468700
2023-08-17,32.470001220703125,32.70000076293945,32.13999938964844,32.15999984741211,31.465877532958984,2444400
2023-08-18,31.920000076293945,32.349998474121094,31.790000915527344,32.29999923706055,31.602853775024414,2168200
2023-08-21,32.220001220703125,32.47999954223633,32.0099983215332,32.40999984741211,31.710479736328125,2439100
2023-08-22,32.619998931884766,32.93000030517578,32.5099983215332,32.689998626708984,31.98443603515625,4728200
2023-08-23,32.90999984741211,33.4900016784668,32.7599983215332,33.31999969482422,32.6008415222168,3083400
2023-08-24,33.34000015258789,33.45000076293945,32.77000045776367,32.77000045776367,32.06270980834961,1858400
2023-08-25,32.91999816894531,33.06999969482422,32.529998779296875,32.630001068115234,31.925731658935547,2768500
2023-08-28,32.84000015258789,33.220001220703125,32.790000915527344,32.869998931884766,32.160552978515625,1360500
2023-08-29,32.7599983215332,33.02000045776367,32.650001525878906,33.0099983215332,32.29752731323242,3354700
2023-08-30,33.099998474121094,33.16999816894531,32.91999816894531,33.099998474121094,32.38558578491211,2122000
2023-08-31,32.93000030517578,33.029998779296875,32.619998931884766,32.75,32.22813415527344,4479800
2023-09-01,32.9900016784668,33.099998474121094,32.619998931884766,32.75,32.22813415527344,3577000
2023-09-05,32.66999816894531,32.720001220703125,31.920000076293945,31.920000076293945,31.41136360168457,4133700
2023-09-06,31.969999313354492,32.40999984741211,31.90999984741211,32.38999938964844,31.873870849609375,3342700
2023-09-07,32.36000061035156,32.5,32.09000015258789,32.45000076293945,31.932918548583984,3199500
2023-09-08,32.38999938964844,32.529998779296875,32.0099983215332,32.099998474121094,31.58849334716797,3303400
2023-09-11,32.2400016784668,32.29999923706055,31.969999313354492,32.040000915527344,31.529451370239258,2227200
2023-09-12,31.93000030517578,32.29999923706055,31.8700008392334,32.290000915527344,31.775466918945312,2178900
2023-09-13,32.34000015258789,32.349998474121094,31.93000030517578,32.150001525878906,31.6377010345459,3773300
2023-09-14,32.33000183105469,32.779998779296875,32.29999923706055,32.70000076293945,32.178932189941406,3726200
2023-09-15,32.72999954223633,32.86000061035156,32.470001220703125,32.54999923706055,32.03132247924805,4781400
2023-09-18,32.54999923706055,32.81999969482422,32.18000030517578,32.2400016784668,31.72626495361328,3057800
2023-09-19,32.220001220703125,32.36000061035156,31.8799991607666,31.959999084472656,31.45072364807129,2662600
2023-09-20,32.2400016784668,32.29999923706055,31.729999542236328,31.75,31.24407196044922,2374200
2023-09-21,31.5,31.530000686645508,30.989999771118164,31.18000030517578,30.683155059814453,3494500
2023-09-22,31.280000686645508,31.469999313354492,31.09000015258789,31.280000686645508,30.78156089782715,3476300
2023-09-25,31.09000015258789,31.469999313354492,31.040000915527344,31.350000381469727,30.850444793701172,2269600
2023-09-26,31.079999923706055,31.280000686645508,30.81999969482422,31.020000457763672,30.525705337524414,3324700
2023-09-27,31.139999389648438,31.299999237060547,30.829999923706055,31.030000686645508,30.535545349121094,4182200
2023-09-28,30.540000915527344,30.690000534057617,29.979999542236328,30.510000228881836,30.023832321166992,7097500
2023-09-29,30.770000457763672,30.889999389648438,30.459999084472656,30.65999984741211,30.17144012451172,4370100
2023-10-02,30.530000686645508,30.579999923706055,29.690000534057617,29.979999542236328,29.502275466918945,5795100
2023-10-03,29.809999465942383,30.149999618530273,29.440000534057617,29.5,29.029926300048828,4921800
2023-10-04,29.610000610351562,29.93000030517578,29.420000076293945,29.90999984741211,29.43338966369629,3954000
2023-10-05,29.8799991607666,30.190000534057617,29.739999771118164,30.020000457763672,29.54163932800293,3724500
2023-10-06,29.8799991607666,30.110000610351562,29.450000762939453,29.81999969482422,29.344825744628906,4318300
2023-10-09,29.600000381469727,30.0,29.520000457763672,29.93000030517578,29.45307159423828,3171800
2023-10-10,30.049999237060547,30.270000457763672,29.729999542236328,30.110000610351562,29.630205154418945,3078500
2023-10-11,30.280000686645508,30.690000534057617,30.200000762939453,30.649999618530273,30.161598205566406,2640400
2023-10-12,30.549999237060547,30.6299991607666,29.8700008392334,30.049999237060547,29.57115936279297,4219300
2023-10-13,30.1200008392334,30.18000030517578,29.81999969482422,29.940000534057617,29.462913513183594,3614600
2023-10-16,30.030000686645508,30.34000015258789,29.860000610351562,30.079999923706055,29.600683212280273,2912800
2023-10-17,29.860000610351562,30.360000610351562,29.860000610351562,30.040000915527344,29.561321258544922,3090400
2023-10-18,29.850000381469727,30.020000457763672,29.649999618530273,29.700000762939453,29.22673797607422,2167000
2023-10-19,29.68000030517578,29.899999618530273,29.280000686645508,29.329999923706055,28.862632751464844,2785600
2023-10-20,29.309999465942383,29.530000686645508,29.09000015258789,29.25,28.783906936645508,4143400
2023-10-23,29.030000686645508,29.229999542236328,28.770000457763672,28.84000015258789,28.380441665649414,3557500
2023-10-24,28.959999084472656,29.0,28.719999313354492,28.940000534057617,28.47884750366211,3181000
2023-10-25,28.850000381469727,29.15999984741211,28.489999771118164,28.610000610351562,28.15410614013672,4321800
2023-10-26,28.649999618530273,29.270000457763672,28.649999618530273,29.010000228881836,28.547731399536133,3988600
2023-10-27,28.8799991607666,29.239999771118164,28.3799991607666,28.6200008392334,28.16394805908203,3719800
2023-10-30,28.729999542236328,28.8799991607666,28.299999237060547,28.549999237060547,28.095064163208008,4141500
2023-10-31,28.709999084472656,28.889999389648438,28.479999542236328,28.690000534057617,28.232831954956055,3902400
2023-11-01,28.68000030517578,28.75,28.260000228881836,28.75,28.2918758392334,4240600
2023-11-02,29.15999984741211,30.219999313354492,29.010000228881836,30.15999984741211,29.67940902709961,4681500
2023-11-03,30.309999465942383,31.450000762939453,30.309999465942383,31.09000015258789,30.594589233398438,3323900
2023-11-06,30.8700008392334,30.950000762939453,30.75,30.860000610351562,30.368253707885742,3406900
2023-11-07,30.899999618530273,30.959999084472656,30.43000030517578,30.440000534057617,29.95494842529297,4216000
2023-11-08,30.40999984741211,30.559999465942383,30.06999969482422,30.239999771118164,29.75813102722168,3122300
2023-11-09,30.299999237060547,30.350000381469727,29.65999984741211,29.75,29.275941848754883,4072900
2023-11-10,29.950000762939453,30.219999313354492,29.649999618530273,30.149999618530273,29.669567108154297,2830900
2023-11-13,29.950000762939453,30.049999237060547,29.649999618530273,29.829999923706055,29.354665756225586,2991800
2023-11-14,30.610000610351562,31.719999313354492,30.559999465942383,31.6299991607666,31.1259822845459,4355300
2023-11-15,31.530000686645508,32.02000045776367,31.520000457763672,31.719999313354492,31.214548110961914,3106400
2023-11-16,31.690000534057617,31.84000015258789,31.469999313354492,31.739999771118164,31.23423194885254,4053700
2023-11-17,32.040000915527344,32.099998474121094,31.770000457763672,31.920000076293945,31.41136360168457,2877700
2023-11-20,31.950000762939453,32.38999938964844,31.559999465942383,32.22999954223633,31.71642303466797,3883700
2023-11-21,32.13999938964844,32.189998626708984,31.68000030517578,31.780000686645508,31.273595809936523,3204000
2023-11-22,32.06999969482422,32.13999938964844,31.81999969482422,31.989999771118164,31.480247497558594,2212500
2023-11-24,31.969999313354492,31.989999771118164,31.760000228881836,31.940000534057617,31.43104362487793,967900
2023-11-27,31.450000762939453,31.799999237060547,31.329999923706055,31.6200008392334,31.11614227294922,3503400
2023-11-28,31.5,31.649999618530273,31.06999969482422,31.540000915527344,31.037418365478516,2655100
2023-11-29,31.829999923706055,31.920000076293945,31.56999969482422,31.700000762939453,31.194869995117188,3589900
2023-11-30,31.65999984741211,31.65999984741211,31.100000381469727,31.350000381469727,31.036466598510742,11869900
2023-12-01,31.510000228881836,31.950000762939453,31.239999771118164,31.739999771118164,31.42256736755371,4211400
2023-12-04,31.520000457763672,31.75,31.219999313354492,31.579999923706055,31.2641658782959,3908700
2023-12-05,31.450000762939453,31.489999771118164,31.149999618530273,31.290000915527344,30.977069854736328,2662400
2023-12-06,31.540000915527344,31.690000534057617,31.219999313354492,31.239999771118164,30.927568435668945,3170900
2023-12-07,31.260000228881836,31.260000228881836,30.829999923706055,30.889999389648438,30.58106803894043,2976600
2023-12-08,30.729999542236328,30.899999618530273,30.56999969482422,30.8700008392334,30.561267852783203,2799500
2023-12-11,30.739999771118164,31.209999084472656,30.639999389648438,31.079999923706055,30.769166946411133,2783100
2023-12-12,31.030000686645508,31.030000686645508,30.540000915527344,30.65999984741211,30.353368759155273,4740100
2023-12-13,30.780000686645508,32.189998626708984,30.670000076293945,32.0,31.679967880249023,5687400
2023-12-14,32.61000061035156,34.08000183105469,32.61000061035156,33.939998626708984,33.600563049316406,7241200
2023-12-15,33.83000183105469,34.06999969482422,33.02000045776367,33.34000015258789,33.006568908691406,11627300
2023-12-18,33.54999923706055,33.66999816894531,33.369998931884766,33.54999923706055,33.21446228027344,3390100
2023-12-19,33.81999969482422,34.5,33.81999969482422,34.45000076293945,34.105464935302734,4855700
2023-12-20,34.40999984741211,34.81999969482422,34.09000015258789,34.099998474121094,33.75896453857422,3490400
2023-12-21,34.470001220703125,34.4900016784668,33.880001068115234,34.11000061035156,33.768863677978516,2957200
2023-12-22,34.29999923706055,34.61000061035156,34.20000076293945,34.36000061035156,34.01636505126953,2253500
2023-12-26,34.43000030517578,34.72999954223633,34.310001373291016,34.630001068115234,34.28366470336914,2542300
2023-12-27,34.77000045776367,34.939998626708984,34.61000061035156,34.7599983215332,34.4123649597168,2109200
2023-12-28,34.810001373291016,35.13999938964844,34.720001220703125,35.099998474121094,34.74896240234375,2586100
2023-12-29,34.90999984741211,35.130001068115234,34.7400016784668,34.77000045776367,34.422264099121094,3079100
